{
  "schema": "https://example.com/GRDI",
  "location": "/templates/grdi",
  "version": "14.5.5",
  "in_language": "en",
  "Container": {
    "GRDIs": [
      {
        "sample_collector_sample_ID": "186953",
        "alternative_sample_ID": "SC22-3862-X",
        "sample_collected_by": "University of Manitoba (UM) [GENEPIO:0004434]",
        "sample_collected_by_laboratory_name": "J.Smith lab",
        "sample_collection_project_name": "Study Name",
        "sample_plan_name": "Not Applicable [GENEPIO:0001619]",
        "sample_plan_ID": "Not Applicable [GENEPIO:0001619]",
        "sample_collector_contact_email": "jsmith@pcs.mb.ca",
        "purpose_of_sampling": "Surveillance [GENEPIO:0100004]",
        "geo_loc_name (country)": "Canada [GAZ:00002560]",
        "geo_loc_name (state/province/region)": "Manitoba [GAZ:00002571]",
        "sample_collection_date": "2019-05-03",
        "sample_collection_date_precision": "day [UO:0000033]",
        "environmental_site": "Hospital [ENVO:00002173]",
        "environmental_material": "Not Applicable [GENEPIO:0001619]",
        "animal_or_plant_population": "Not Applicable [GENEPIO:0001619]",
        "anatomical_material": "Blood [UBERON:0000178]",
        "body_product": "Not Applicable [GENEPIO:0001619]",
        "anatomical_part": "Not Applicable [GENEPIO:0001619]",
        "anatomical_region": "Not Applicable [GENEPIO:0001619]",
        "food_product": "Not Applicable [GENEPIO:0001619]",
        "food_product_properties": "Not Applicable [GENEPIO:0001619]",
        "animal_source_of_food": "Not Applicable [GENEPIO:0001619]",
        "food_packaging": "Not Applicable [GENEPIO:0001619]",
        "collection_device": "Not Provided [GENEPIO:0001668]",
        "collection_method": "Phlebotomy [NCIT:C28221]",
        "host (common name)": "Human [NCBITaxon:9606]",
        "host (scientific name)": "Homo sapiens [NCBITaxon:9606]",
        "microbiological_method": "Not Collected [GENEPIO:0001620]",
        "isolate_ID": "186953",
        "alternative_isolate_ID": "SC22-3862-X",
        "IRIDA_isolate_ID": "SC22-3862-X",
        "IRIDA_project_ID": "2070",
        "organism": "Streptococcus pasteurianus [NCBITaxon:197614]",
        "taxonomic_identification_process": "Whole genome sequencing assay [OBI:0002117]",
        "serovar": "Not Applicable [GENEPIO:0001619]",
        "serotyping_method": "Not Applicable [GENEPIO:0001619]",
        "sequenced_by": "Public Health Agency of Canada (PHAC) [GENEPIO:0100551]",
        "sequenced_by_contact_name": "Emma Griffiths",
        "sequenced_by_contact_email": "person@phac-aspc.gc.ca",
        "purpose_of_sequencing": "Research [GENEPIO:0100003]",
        "sequencing_date": "2024-11-05",
        "sequencing_platform": "Illumina [GENEPIO:0001923]",
        "sequencing_instrument": "Illumina HiSeq [GENEPIO:0100110]",
        "sequencing_assay_type": "Amplicon sequencing assay [OBI:0002767]",
        "quality_control_determination": "No quality control issues identified [GENEPIO:0100562]",
        "raw_sequence_data_processing_method": "Not Collected [GENEPIO:0001620]",
        "dehosting_method": "Not Collected [GENEPIO:0001620]",
        "stage_of_production": "Not Applicable [GENEPIO:0001619]",
        "experimental_intervention": "Not Applicable [GENEPIO:0001619]",
        "experiment_intervention_details": "Not Applicable [GENEPIO:0001619]",
        "AMR_testing_by": "Public Health Agency of Canada (PHAC) [GENEPIO:0100551]",
        "AMR_testing_by_contact_name": "NMLB, Streptococcus and STI Section",
        "AMR_testing_by_contact_email": "person@phac-aspc.gc.ca",
        "amikacin_resistance_phenotype": "Not Collected [GENEPIO:0001620]",
        "amikacin_measurement": "Not Collected [GENEPIO:0001620]",
        "amikacin_measurement_units": "Not Applicable [GENEPIO:0001619]",
        "amikacin_measurement_sign": "Not Applicable [GENEPIO:0001619]",
        "amikacin_testing_standard": "Not Applicable [GENEPIO:0001619]",
        "amoxicillin-clavulanic_acid_resistance_phenotype": "Antibiotic resistance not defined [GENEPIO:0002040]",
        "amoxicillin-clavulanic_acid_measurement": "2",
        "amoxicillin-clavulanic_acid_measurement_units": "microgram per millilitre (ug/mL) [UO:0000274]",
        "amoxicillin-clavulanic_acid_measurement_sign": "less than or equal to (<=) [GENEPIO:0001003]",
        "amoxicillin-clavulanic_acid_testing_standard": "Clinical Laboratory and Standards Institute (CLSI) [ARO:3004366]",
        "amoxicillin-clavulanic_acid_testing_standard_version": "M100 ED34:2024",
        "ampicillin_resistance_phenotype": "Susceptible antimicrobial phenotype [ARO:3004302]",
        "ampicillin_measurement": "0.25",
        "ampicillin_measurement_units": "microgram per millilitre (ug/mL) [UO:0000274]",
        "ampicillin_measurement_sign": "less than or equal to (<=) [GENEPIO:0001003]",
        "ampicillin_testing_standard": "Clinical Laboratory and Standards Institute (CLSI) [ARO:3004366]",
        "ampicillin_testing_standard_version": "M100 ED34:2024",
        "azithromycin_resistance_phenotype": "Resistant antimicrobial phenotype [ARO:3004301]",
        "azithromycin_measurement": "2",
        "azithromycin_measurement_units": "microgram per millilitre (ug/mL) [UO:0000274]",
        "azithromycin_measurement_sign": "greater than (>) [GENEPIO:0001006]",
        "azithromycin_testing_standard": "Clinical Laboratory and Standards Institute (CLSI) [ARO:3004366]",
        "azithromycin_testing_standard_version": "M100 ED34:2024",
        "cefazolin_resistance_phenotype": "Not Collected [GENEPIO:0001620]",
        "cefazolin_measurement": "Not Collected [GENEPIO:0001620]",
        "cefazolin_measurement_units": "Not Applicable [GENEPIO:0001619]",
        "cefazolin_measurement_sign": "Not Applicable [GENEPIO:0001619]",
        "cefazolin_testing_standard": "Not Applicable [GENEPIO:0001619]",
        "cefepime_resistance_phenotype": "Susceptible antimicrobial phenotype [ARO:3004302]",
        "cefepime_measurement": "0.5",
        "cefepime_measurement_units": "microgram per millilitre (ug/mL) [UO:0000274]",
        "cefepime_measurement_sign": "less than or equal to (<=) [GENEPIO:0001003]",
        "cefepime_testing_standard": "Clinical Laboratory and Standards Institute (CLSI) [ARO:3004366]",
        "cefepime_testing_standard_version": "M100 ED34:2024",
        "cefotaxime_resistance_phenotype": "Susceptible antimicrobial phenotype [ARO:3004302]",
        "cefotaxime_measurement": "0.12",
        "cefotaxime_measurement_units": "microgram per millilitre (ug/mL) [UO:0000274]",
        "cefotaxime_measurement_sign": "less than or equal to (<=) [GENEPIO:0001003]",
        "cefotaxime_testing_standard": "Clinical Laboratory and Standards Institute (CLSI) [ARO:3004366]",
        "cefotaxime_testing_standard_version": "M100 ED34:2024",
        "cefotaxime-clavulanic_acid_resistance_phenotype": "Not Collected [GENEPIO:0001620]",
        "cefotaxime-clavulanic_acid_measurement": "Not Collected [GENEPIO:0001620]",
        "cefotaxime-clavulanic_acid_measurement_units": "Not Applicable [GENEPIO:0001619]",
        "cefotaxime-clavulanic_acid_measurement_sign": "Not Applicable [GENEPIO:0001619]",
        "cefotaxime-clavulanic_acid_testing_standard": "Not Applicable [GENEPIO:0001619]",
        "cefoxitin_resistance_phenotype": "Not Collected [GENEPIO:0001620]",
        "cefoxitin_measurement": "Not Collected [GENEPIO:0001620]",
        "cefoxitin_measurement_units": "Not Applicable [GENEPIO:0001619]",
        "cefoxitin_measurement_sign": "Not Applicable [GENEPIO:0001619]",
        "cefoxitin_testing_standard": "Not Applicable [GENEPIO:0001619]",
        "cefpodoxime_resistance_phenotype": "Not Collected [GENEPIO:0001620]",
        "cefpodoxime_measurement": "Not Collected [GENEPIO:0001620]",
        "cefpodoxime_measurement_units": "Not Applicable [GENEPIO:0001619]",
        "cefpodoxime_measurement_sign": "Not Applicable [GENEPIO:0001619]",
        "cefpodoxime_testing_standard": "Not Applicable [GENEPIO:0001619]",
        "ceftazidime_resistance_phenotype": "Not Collected [GENEPIO:0001620]",
        "ceftazidime_measurement": "Not Collected [GENEPIO:0001620]",
        "ceftazidime_measurement_units": "Not Applicable [GENEPIO:0001619]",
        "ceftazidime_measurement_sign": "Not Applicable [GENEPIO:0001619]",
        "ceftazidime_testing_standard": "Not Applicable [GENEPIO:0001619]",
        "ceftazidime-clavulanic_acid_resistance_phenotype": "Not Collected [GENEPIO:0001620]",
        "ceftazidime-clavulanic_acid_measurement": "Not Collected [GENEPIO:0001620]",
        "ceftazidime-clavulanic_acid_measurement_units": "Not Applicable [GENEPIO:0001619]",
        "ceftazidime-clavulanic_acid_measurement_sign": "Not Applicable [GENEPIO:0001619]",
        "ceftazidime-clavulanic_acid_testing_standard": "Not Applicable [GENEPIO:0001619]",
        "ceftiofur_resistance_phenotype": "Susceptible antimicrobial phenotype [ARO:3004302]",
        "ceftiofur_measurement": "0.5",
        "ceftiofur_measurement_units": "microgram per millilitre (ug/mL) [UO:0000274]",
        "ceftiofur_measurement_sign": "equal to (==) [GENEPIO:0001004]",
        "ceftiofur_testing_standard": "Clinical Laboratory and Standards Institute (CLSI) [ARO:3004366]",
        "ceftiofur_testing_standard_version": "CLSI VET01S ED7:2024 - swine BP",
        "ceftriaxone_resistance_phenotype": "Susceptible antimicrobial phenotype [ARO:3004302]",
        "ceftriaxone_measurement": "0.12",
        "ceftriaxone_measurement_units": "microgram per millilitre (ug/mL) [UO:0000274]",
        "ceftriaxone_measurement_sign": "less than or equal to (<=) [GENEPIO:0001003]",
        "ceftriaxone_testing_standard": "Clinical Laboratory and Standards Institute (CLSI) [ARO:3004366]",
        "ceftriaxone_testing_standard_version": "M100 ED34:2024",
        "cephalothin_resistance_phenotype": "Not Collected [GENEPIO:0001620]",
        "cephalothin_measurement": "Not Collected [GENEPIO:0001620]",
        "cephalothin_measurement_units": "Not Applicable [GENEPIO:0001619]",
        "cephalothin_measurement_sign": "Not Applicable [GENEPIO:0001619]",
        "cephalothin_testing_standard": "Not Applicable [GENEPIO:0001619]",
        "chloramphenicol_resistance_phenotype": "Intermediate antimicrobial phenotype [ARO:3004300]",
        "chloramphenicol_measurement": "8",
        "chloramphenicol_measurement_units": "microgram per millilitre (ug/mL) [UO:0000274]",
        "chloramphenicol_measurement_sign": "equal to (==) [GENEPIO:0001004]",
        "chloramphenicol_testing_standard": "Clinical Laboratory and Standards Institute (CLSI) [ARO:3004366]",
        "chloramphenicol_testing_standard_version": "M100 ED34:2024",
        "ciprofloxacin_resistance_phenotype": "Not Collected [GENEPIO:0001620]",
        "ciprofloxacin_measurement": "Not Collected [GENEPIO:0001620]",
        "ciprofloxacin_measurement_units": "Not Applicable [GENEPIO:0001619]",
        "ciprofloxacin_measurement_sign": "Not Applicable [GENEPIO:0001619]",
        "ciprofloxacin_testing_standard": "Not Applicable [GENEPIO:0001619]",
        "clindamycin_resistance_phenotype": "Resistant antimicrobial phenotype [ARO:3004301]",
        "clindamycin_measurement": "1",
        "clindamycin_measurement_units": "microgram per millilitre (ug/mL) [UO:0000274]",
        "clindamycin_measurement_sign": "greater than (>) [GENEPIO:0001006]",
        "clindamycin_testing_standard": "Clinical Laboratory and Standards Institute (CLSI) [ARO:3004366]",
        "clindamycin_testing_standard_version": "M100 ED34:2024",
        "doxycycline_resistance_phenotype": "Not Collected [GENEPIO:0001620]",
        "doxycycline_measurement": "Not Collected [GENEPIO:0001620]",
        "doxycycline_measurement_units": "Not Applicable [GENEPIO:0001619]",
        "doxycycline_measurement_sign": "Not Applicable [GENEPIO:0001619]",
        "doxycycline_testing_standard": "Not Applicable [GENEPIO:0001619]",
        "enrofloxacin_resistance_phenotype": "Resistant antimicrobial phenotype [ARO:3004301]",
        "enrofloxacin_measurement": "2",
        "enrofloxacin_measurement_units": "microgram per millilitre (ug/mL) [UO:0000274]",
        "enrofloxacin_measurement_sign": "greater than (>) [GENEPIO:0001006]",
        "enrofloxacin_testing_standard": "Clinical Laboratory and Standards Institute (CLSI) [ARO:3004366]",
        "enrofloxacin_testing_standard_version": "CLSI VET01S ED7:2024 - swine BP",
        "erythromycin_resistance_phenotype": "Resistant antimicrobial phenotype [ARO:3004301]",
        "erythromycin_measurement": "2",
        "erythromycin_measurement_units": "microgram per millilitre (ug/mL) [UO:0000274]",
        "erythromycin_measurement_sign": "greater than (>) [GENEPIO:0001006]",
        "erythromycin_testing_standard": "Clinical Laboratory and Standards Institute (CLSI) [ARO:3004366]",
        "erythromycin_testing_standard_version": "M100 ED34:2024",
        "florfenicol_resistance_phenotype": "Susceptible antimicrobial phenotype [ARO:3004302]",
        "florfenicol_measurement": "2",
        "florfenicol_measurement_units": "microgram per millilitre (ug/mL) [UO:0000274]",
        "florfenicol_measurement_sign": "equal to (==) [GENEPIO:0001004]",
        "florfenicol_testing_standard": "Clinical Laboratory and Standards Institute (CLSI) [ARO:3004366]",
        "florfenicol_testing_standard_version": "CLSI VET01S ED7:2024 - swine BP",
        "gentamicin_resistance_phenotype": "Antibiotic resistance not defined [GENEPIO:0002040]",
        "gentamicin_measurement": "4",
        "gentamicin_measurement_units": "microgram per millilitre (ug/mL) [UO:0000274]",
        "gentamicin_measurement_sign": "equal to (==) [GENEPIO:0001004]",
        "gentamicin_testing_standard": "Clinical Laboratory and Standards Institute (CLSI) [ARO:3004366]",
        "imipenem_resistance_phenotype": "Not Collected [GENEPIO:0001620]",
        "imipenem_measurement": "Not Collected [GENEPIO:0001620]",
        "imipenem_measurement_units": "Not Applicable [GENEPIO:0001619]",
        "imipenem_measurement_sign": "Not Applicable [GENEPIO:0001619]",
        "imipenem_testing_standard": "Not Applicable [GENEPIO:0001619]",
        "kanamycin_resistance_phenotype": "Not Collected [GENEPIO:0001620]",
        "kanamycin_measurement": "Not Collected [GENEPIO:0001620]",
        "kanamycin_measurement_units": "Not Applicable [GENEPIO:0001619]",
        "kanamycin_measurement_sign": "Not Applicable [GENEPIO:0001619]",
        "kanamycin_testing_standard": "Not Applicable [GENEPIO:0001619]",
        "levofloxacin_resistance_phenotype": "Resistant antimicrobial phenotype [ARO:3004301]",
        "levofloxacin_measurement": "4",
        "levofloxacin_measurement_units": "microgram per millilitre (ug/mL) [UO:0000274]",
        "levofloxacin_measurement_sign": "greater than (>) [GENEPIO:0001006]",
        "levofloxacin_testing_standard": "Clinical Laboratory and Standards Institute (CLSI) [ARO:3004366]",
        "levofloxacin_testing_standard_version": "M100 ED34:2024",
        "linezolid_resistance_phenotype": "Susceptible antimicrobial phenotype [ARO:3004302]",
        "linezolid_measurement": "2",
        "linezolid_measurement_units": "microgram per millilitre (ug/mL) [UO:0000274]",
        "linezolid_measurement_sign": "equal to (==) [GENEPIO:0001004]",
        "linezolid_testing_standard": "Clinical Laboratory and Standards Institute (CLSI) [ARO:3004366]",
        "linezolid_testing_standard_version": "M100 ED34:2024",
        "meropenem_resistance_phenotype": "Susceptible antimicrobial phenotype [ARO:3004302]",
        "meropenem_measurement": "0.25",
        "meropenem_measurement_units": "microgram per millilitre (ug/mL) [UO:0000274]",
        "meropenem_measurement_sign": "less than or equal to (<=) [GENEPIO:0001003]",
        "meropenem_testing_standard": "Clinical Laboratory and Standards Institute (CLSI) [ARO:3004366]",
        "meropenem_testing_standard_version": "M100 ED34:2024",
        "nalidixic_acid_resistance_phenotype": "Not Collected [GENEPIO:0001620]",
        "nalidixic_acid_measurement": "Not Collected [GENEPIO:0001620]",
        "nalidixic_acid_measurement_units": "Not Applicable [GENEPIO:0001619]",
        "nalidixic_acid_measurement_sign": "Not Applicable [GENEPIO:0001619]",
        "nalidixic_acid_testing_standard": "Not Applicable [GENEPIO:0001619]",
        "neomycin_measurement": "Not Collected [GENEPIO:0001620]",
        "neomycin_measurement_units": "Not Collected [GENEPIO:0001620]",
        "neomycin_measurement_sign": "Not Collected [GENEPIO:0001620]",
        "nitrofurantoin_resistance_phenotype": "Not Collected [GENEPIO:0001620]",
        "nitrofurantoin_measurement": "Not Collected [GENEPIO:0001620]",
        "nitrofurantoin_measurement_units": "Not Applicable [GENEPIO:0001619]",
        "nitrofurantoin_measurement_sign": "Not Applicable [GENEPIO:0001619]",
        "nitrofurantoin_testing_standard": "Not Applicable [GENEPIO:0001619]",
        "norfloxacin_resistance_phenotype": "Not Collected [GENEPIO:0001620]",
        "norfloxacin_measurement": "Not Collected [GENEPIO:0001620]",
        "norfloxacin_measurement_units": "Not Applicable [GENEPIO:0001619]",
        "norfloxacin_measurement_sign": "Not Applicable [GENEPIO:0001619]",
        "norfloxacin_testing_standard": "Not Applicable [GENEPIO:0001619]",
        "oxolinic-acid_resistance_phenotype": "Not Collected [GENEPIO:0001620]",
        "oxolinic-acid_measurement": "Not Collected [GENEPIO:0001620]",
        "oxolinic-acid_measurement_units": "Not Applicable [GENEPIO:0001619]",
        "oxolinic-acid_measurement_sign": "Not Applicable [GENEPIO:0001619]",
        "oxolinic-acid_testing_standard": "Not Applicable [GENEPIO:0001619]",
        "oxytetracycline_resistance_phenotype": "Not Collected [GENEPIO:0001620]",
        "oxytetracycline_measurement": "Not Collected [GENEPIO:0001620]",
        "oxytetracycline_measurement_units": "Not Applicable [GENEPIO:0001619]",
        "oxytetracycline_measurement_sign": "Not Applicable [GENEPIO:0001619]",
        "oxytetracycline_testing_standard": "Not Applicable [GENEPIO:0001619]",
        "penicillin_measurement": "Not Collected [GENEPIO:0001620]",
        "penicillin_measurement_units": "Not Collected [GENEPIO:0001620]",
        "penicillin_measurement_sign": "Not Collected [GENEPIO:0001620]",
        "piperacillin_resistance_phenotype": "Not Collected [GENEPIO:0001620]",
        "piperacillin_measurement": "Not Collected [GENEPIO:0001620]",
        "piperacillin_measurement_units": "Not Applicable [GENEPIO:0001619]",
        "piperacillin_measurement_sign": "Not Applicable [GENEPIO:0001619]",
        "piperacillin_testing_standard": "Not Applicable [GENEPIO:0001619]",
        "piperacillin-tazobactam_resistance_phenotype": "Not Collected [GENEPIO:0001620]",
        "piperacillin-tazobactam_measurement": "Not Collected [GENEPIO:0001620]",
        "piperacillin-tazobactam_measurement_units": "Not Applicable [GENEPIO:0001619]",
        "piperacillin-tazobactam_measurement_sign": "Not Applicable [GENEPIO:0001619]",
        "piperacillin-tazobactam_testing_standard": "Not Applicable [GENEPIO:0001619]",
        "polymyxin-b_resistance_phenotype": "Not Collected [GENEPIO:0001620]",
        "polymyxin-b_measurement": "Not Collected [GENEPIO:0001620]",
        "polymyxin-b_measurement_units": "Not Applicable [GENEPIO:0001619]",
        "polymyxin-b_measurement_sign": "Not Applicable [GENEPIO:0001619]",
        "polymyxin-b_testing_standard": "Not Applicable [GENEPIO:0001619]",
        "quinupristin-dalfopristin_resistance_phenotype": "Not Collected [GENEPIO:0001620]",
        "quinupristin-dalfopristin_measurement": "Not Collected [GENEPIO:0001620]",
        "quinupristin-dalfopristin_measurement_units": "Not Applicable [GENEPIO:0001619]",
        "quinupristin-dalfopristin_measurement_sign": "Not Applicable [GENEPIO:0001619]",
        "quinupristin-dalfopristin_testing_standard": "Not Applicable [GENEPIO:0001619]",
        "streptomycin_resistance_phenotype": "Not Collected [GENEPIO:0001620]",
        "streptomycin_measurement": "Not Collected [GENEPIO:0001620]",
        "streptomycin_measurement_units": "Not Applicable [GENEPIO:0001619]",
        "streptomycin_measurement_sign": "Not Applicable [GENEPIO:0001619]",
        "streptomycin_testing_standard": "Not Applicable [GENEPIO:0001619]",
        "sulfisoxazole_resistance_phenotype": "Not Collected [GENEPIO:0001620]",
        "sulfisoxazole_measurement": "Not Collected [GENEPIO:0001620]",
        "sulfisoxazole_measurement_units": "Not Applicable [GENEPIO:0001619]",
        "sulfisoxazole_measurement_sign": "Not Applicable [GENEPIO:0001619]",
        "sulfisoxazole_testing_standard": "Not Applicable [GENEPIO:0001619]",
        "telithromycin_resistance_phenotype": "Not Collected [GENEPIO:0001620]",
        "telithromycin_measurement": "Not Collected [GENEPIO:0001620]",
        "telithromycin_measurement_units": "Not Applicable [GENEPIO:0001619]",
        "telithromycin_measurement_sign": "Not Applicable [GENEPIO:0001619]",
        "telithromycin_testing_standard": "Not Applicable [GENEPIO:0001619]",
        "tetracycline_resistance_phenotype": "Susceptible antimicrobial phenotype [ARO:3004302]",
        "tetracycline_measurement": "1",
        "tetracycline_measurement_units": "microgram per millilitre (ug/mL) [UO:0000274]",
        "tetracycline_measurement_sign": "less than or equal to (<=) [GENEPIO:0001003]",
        "tetracycline_testing_standard": "Clinical Laboratory and Standards Institute (CLSI) [ARO:3004366]",
        "tetracycline_testing_standard_version": "M100 ED34:2024",
        "tigecycline_resistance_phenotype": "Antibiotic resistance not defined [GENEPIO:0002040]",
        "tigecycline_measurement": "0.03",
        "tigecycline_measurement_units": "microgram per millilitre (ug/mL) [UO:0000274]",
        "tigecycline_measurement_sign": "equal to (==) [GENEPIO:0001004]",
        "tigecycline_testing_standard": "Clinical Laboratory and Standards Institute (CLSI) [ARO:3004366]",
        "trimethoprim-sulfamethoxazole_resistance_phenotype": "Antibiotic resistance not defined [GENEPIO:0002040]",
        "trimethoprim-sulfamethoxazole_measurement": "0.5",
        "trimethoprim-sulfamethoxazole_measurement_units": "microgram per millilitre (ug/mL) [UO:0000274]",
        "trimethoprim-sulfamethoxazole_measurement_sign": "less than or equal to (<=) [GENEPIO:0001003]",
        "trimethoprim-sulfamethoxazole_testing_standard": "Clinical Laboratory and Standards Institute (CLSI) [ARO:3004366]",
        "DataHarmonizer provenance": "DataHarmonizer v1.9.0, GRDI v13.4.4"
      },
      {
        "sample_collector_sample_ID": "187497",
        "alternative_sample_ID": "SC22-3862-Y",
        "sample_collected_by": "University of Manitoba (UM) [GENEPIO:0004434]",
        "sample_collected_by_laboratory_name": "J.Smith lab",
        "sample_collection_project_name": "Study Name",
        "sample_plan_name": "Not Applicable [GENEPIO:0001619]",
        "sample_plan_ID": "Not Applicable [GENEPIO:0001619]",
        "sample_collector_contact_email": "jsmith@pcs.mb.ca",
        "purpose_of_sampling": "Surveillance [GENEPIO:0100004]",
        "geo_loc_name (country)": "Canada [GAZ:00002560]",
        "geo_loc_name (state/province/region)": "Quebec [GAZ:00002569]",
        "sample_collection_date": "2019-07-02",
        "sample_collection_date_precision": "day [UO:0000033]",
        "environmental_site": "Hospital [ENVO:00002173]",
        "environmental_material": "Not Applicable [GENEPIO:0001619]",
        "animal_or_plant_population": "Not Applicable [GENEPIO:0001619]",
        "anatomical_material": "Blood [UBERON:0000178]",
        "body_product": "Not Applicable [GENEPIO:0001619]",
        "anatomical_part": "Not Applicable [GENEPIO:0001619]",
        "anatomical_region": "Not Applicable [GENEPIO:0001619]",
        "food_product": "Not Applicable [GENEPIO:0001619]",
        "food_product_properties": "Not Applicable [GENEPIO:0001619]",
        "animal_source_of_food": "Not Applicable [GENEPIO:0001619]",
        "food_packaging": "Not Applicable [GENEPIO:0001619]",
        "collection_device": "Not Provided [GENEPIO:0001668]",
        "collection_method": "Phlebotomy [NCIT:C28221]",
        "host (common name)": "Human [NCBITaxon:9606]",
        "host (scientific name)": "Homo sapiens [NCBITaxon:9606]",
        "microbiological_method": "Not Collected [GENEPIO:0001620]",
        "isolate_ID": "187497",
        "alternative_isolate_ID": "SC22-3862-Y",
        "IRIDA_isolate_ID": "SC22-3862-Y",
        "IRIDA_project_ID": "2070",
        "organism": "Streptococcus gallolyticus [NCBITaxon:315405]",
        "taxonomic_identification_process": "Whole genome sequencing assay [OBI:0002117]",
        "serovar": "Not Applicable [GENEPIO:0001619]",
        "serotyping_method": "Not Applicable [GENEPIO:0001619]",
        "sequenced_by": "Public Health Agency of Canada (PHAC) [GENEPIO:0100551]",
        "sequenced_by_contact_name": "Emma Griffiths",
        "sequenced_by_contact_email": "person@phac-aspc.gc.ca",
        "purpose_of_sequencing": "Research [GENEPIO:0100003]",
        "sequencing_date": "2024-11-05",
        "sequencing_platform": "Illumina [GENEPIO:0001923]",
        "sequencing_instrument": "Illumina HiSeq [GENEPIO:0100110]",
        "sequencing_assay_type": "Amplicon sequencing assay [OBI:0002767]",
        "quality_control_determination": "No quality control issues identified [GENEPIO:0100562]",
        "raw_sequence_data_processing_method": "Not Collected [GENEPIO:0001620]",
        "dehosting_method": "Not Collected [GENEPIO:0001620]",
        "stage_of_production": "Not Applicable [GENEPIO:0001619]",
        "experimental_intervention": "Not Applicable [GENEPIO:0001619]",
        "experiment_intervention_details": "Not Applicable [GENEPIO:0001619]",
        "AMR_testing_by": "Public Health Agency of Canada (PHAC) [GENEPIO:0100551]",
        "AMR_testing_by_contact_name": "NMLB, Streptococcus and STI Section",
        "AMR_testing_by_contact_email": "person@phac-aspc.gc.ca",
        "amikacin_resistance_phenotype": "Not Collected [GENEPIO:0001620]",
        "amikacin_measurement": "Not Collected [GENEPIO:0001620]",
        "amikacin_measurement_units": "Not Applicable [GENEPIO:0001619]",
        "amikacin_measurement_sign": "Not Applicable [GENEPIO:0001619]",
        "amikacin_testing_standard": "Not Applicable [GENEPIO:0001619]",
        "amoxicillin-clavulanic_acid_resistance_phenotype": "Antibiotic resistance not defined [GENEPIO:0002040]",
        "amoxicillin-clavulanic_acid_measurement": "2",
        "amoxicillin-clavulanic_acid_measurement_units": "microgram per millilitre (ug/mL) [UO:0000274]",
        "amoxicillin-clavulanic_acid_measurement_sign": "less than or equal to (<=) [GENEPIO:0001003]",
        "amoxicillin-clavulanic_acid_testing_standard": "Clinical Laboratory and Standards Institute (CLSI) [ARO:3004366]",
        "amoxicillin-clavulanic_acid_testing_standard_version": "M100 ED34:2024",
        "ampicillin_resistance_phenotype": "Susceptible antimicrobial phenotype [ARO:3004302]",
        "ampicillin_measurement": "0.25",
        "ampicillin_measurement_units": "microgram per millilitre (ug/mL) [UO:0000274]",
        "ampicillin_measurement_sign": "less than or equal to (<=) [GENEPIO:0001003]",
        "ampicillin_testing_standard": "Clinical Laboratory and Standards Institute (CLSI) [ARO:3004366]",
        "ampicillin_testing_standard_version": "M100 ED34:2024",
        "azithromycin_resistance_phenotype": "Susceptible antimicrobial phenotype [ARO:3004302]",
        "azithromycin_measurement": "0.25",
        "azithromycin_measurement_units": "microgram per millilitre (ug/mL) [UO:0000274]",
        "azithromycin_measurement_sign": "less than or equal to (<=) [GENEPIO:0001003]",
        "azithromycin_testing_standard": "Clinical Laboratory and Standards Institute (CLSI) [ARO:3004366]",
        "azithromycin_testing_standard_version": "M100 ED34:2024",
        "cefazolin_resistance_phenotype": "Not Collected [GENEPIO:0001620]",
        "cefazolin_measurement": "Not Collected [GENEPIO:0001620]",
        "cefazolin_measurement_units": "Not Applicable [GENEPIO:0001619]",
        "cefazolin_measurement_sign": "Not Applicable [GENEPIO:0001619]",
        "cefazolin_testing_standard": "Not Applicable [GENEPIO:0001619]",
        "cefepime_resistance_phenotype": "Susceptible antimicrobial phenotype [ARO:3004302]",
        "cefepime_measurement": "0.5",
        "cefepime_measurement_units": "microgram per millilitre (ug/mL) [UO:0000274]",
        "cefepime_measurement_sign": "less than or equal to (<=) [GENEPIO:0001003]",
        "cefepime_testing_standard": "Clinical Laboratory and Standards Institute (CLSI) [ARO:3004366]",
        "cefepime_testing_standard_version": "M100 ED34:2024",
        "cefotaxime_resistance_phenotype": "Susceptible antimicrobial phenotype [ARO:3004302]",
        "cefotaxime_measurement": "0.12",
        "cefotaxime_measurement_units": "microgram per millilitre (ug/mL) [UO:0000274]",
        "cefotaxime_measurement_sign": "less than or equal to (<=) [GENEPIO:0001003]",
        "cefotaxime_testing_standard": "Clinical Laboratory and Standards Institute (CLSI) [ARO:3004366]",
        "cefotaxime_testing_standard_version": "M100 ED34:2024",
        "cefotaxime-clavulanic_acid_resistance_phenotype": "Not Collected [GENEPIO:0001620]",
        "cefotaxime-clavulanic_acid_measurement": "Not Collected [GENEPIO:0001620]",
        "cefotaxime-clavulanic_acid_measurement_units": "Not Applicable [GENEPIO:0001619]",
        "cefotaxime-clavulanic_acid_measurement_sign": "Not Applicable [GENEPIO:0001619]",
        "cefotaxime-clavulanic_acid_testing_standard": "Not Applicable [GENEPIO:0001619]",
        "cefoxitin_resistance_phenotype": "Not Collected [GENEPIO:0001620]",
        "cefoxitin_measurement": "Not Collected [GENEPIO:0001620]",
        "cefoxitin_measurement_units": "Not Applicable [GENEPIO:0001619]",
        "cefoxitin_measurement_sign": "Not Applicable [GENEPIO:0001619]",
        "cefoxitin_testing_standard": "Not Applicable [GENEPIO:0001619]",
        "cefpodoxime_resistance_phenotype": "Not Collected [GENEPIO:0001620]",
        "cefpodoxime_measurement": "Not Collected [GENEPIO:0001620]",
        "cefpodoxime_measurement_units": "Not Applicable [GENEPIO:0001619]",
        "cefpodoxime_measurement_sign": "Not Applicable [GENEPIO:0001619]",
        "cefpodoxime_testing_standard": "Not Applicable [GENEPIO:0001619]",
        "ceftazidime_resistance_phenotype": "Not Collected [GENEPIO:0001620]",
        "ceftazidime_measurement": "Not Collected [GENEPIO:0001620]",
        "ceftazidime_measurement_units": "Not Applicable [GENEPIO:0001619]",
        "ceftazidime_measurement_sign": "Not Applicable [GENEPIO:0001619]",
        "ceftazidime_testing_standard": "Not Applicable [GENEPIO:0001619]",
        "ceftazidime-clavulanic_acid_resistance_phenotype": "Not Collected [GENEPIO:0001620]",
        "ceftazidime-clavulanic_acid_measurement": "Not Collected [GENEPIO:0001620]",
        "ceftazidime-clavulanic_acid_measurement_units": "Not Applicable [GENEPIO:0001619]",
        "ceftazidime-clavulanic_acid_measurement_sign": "Not Applicable [GENEPIO:0001619]",
        "ceftazidime-clavulanic_acid_testing_standard": "Not Applicable [GENEPIO:0001619]",
        "ceftiofur_resistance_phenotype": "Susceptible antimicrobial phenotype [ARO:3004302]",
        "ceftiofur_measurement": "0.5",
        "ceftiofur_measurement_units": "microgram per millilitre (ug/mL) [UO:0000274]",
        "ceftiofur_measurement_sign": "equal to (==) [GENEPIO:0001004]",
        "ceftiofur_testing_standard": "Clinical Laboratory and Standards Institute (CLSI) [ARO:3004366]",
        "ceftiofur_testing_standard_version": "CLSI VET01S ED7:2024 - swine BP",
        "ceftriaxone_resistance_phenotype": "Susceptible antimicrobial phenotype [ARO:3004302]",
        "ceftriaxone_measurement": "0.12",
        "ceftriaxone_measurement_units": "microgram per millilitre (ug/mL) [UO:0000274]",
        "ceftriaxone_measurement_sign": "less than or equal to (<=) [GENEPIO:0001003]",
        "ceftriaxone_testing_standard": "Clinical Laboratory and Standards Institute (CLSI) [ARO:3004366]",
        "ceftriaxone_testing_standard_version": "M100 ED34:2024",
        "cephalothin_resistance_phenotype": "Not Collected [GENEPIO:0001620]",
        "cephalothin_measurement": "Not Collected [GENEPIO:0001620]",
        "cephalothin_measurement_units": "Not Applicable [GENEPIO:0001619]",
        "cephalothin_measurement_sign": "Not Applicable [GENEPIO:0001619]",
        "cephalothin_testing_standard": "Not Applicable [GENEPIO:0001619]",
        "chloramphenicol_resistance_phenotype": "Intermediate antimicrobial phenotype [ARO:3004300]",
        "chloramphenicol_measurement": "8",
        "chloramphenicol_measurement_units": "microgram per millilitre (ug/mL) [UO:0000274]",
        "chloramphenicol_measurement_sign": "equal to (==) [GENEPIO:0001004]",
        "chloramphenicol_testing_standard": "Clinical Laboratory and Standards Institute (CLSI) [ARO:3004366]",
        "chloramphenicol_testing_standard_version": "M100 ED34:2024",
        "ciprofloxacin_resistance_phenotype": "Not Collected [GENEPIO:0001620]",
        "ciprofloxacin_measurement": "Not Collected [GENEPIO:0001620]",
        "ciprofloxacin_measurement_units": "Not Applicable [GENEPIO:0001619]",
        "ciprofloxacin_measurement_sign": "Not Applicable [GENEPIO:0001619]",
        "ciprofloxacin_testing_standard": "Not Applicable [GENEPIO:0001619]",
        "clindamycin_resistance_phenotype": "Susceptible antimicrobial phenotype [ARO:3004302]",
        "clindamycin_measurement": "0.12",
        "clindamycin_measurement_units": "microgram per millilitre (ug/mL) [UO:0000274]",
        "clindamycin_measurement_sign": "less than or equal to (<=) [GENEPIO:0001003]",
        "clindamycin_testing_standard": "Clinical Laboratory and Standards Institute (CLSI) [ARO:3004366]",
        "clindamycin_testing_standard_version": "M100 ED34:2024",
        "doxycycline_resistance_phenotype": "Not Collected [GENEPIO:0001620]",
        "doxycycline_measurement": "Not Collected [GENEPIO:0001620]",
        "doxycycline_measurement_units": "Not Applicable [GENEPIO:0001619]",
        "doxycycline_measurement_sign": "Not Applicable [GENEPIO:0001619]",
        "doxycycline_testing_standard": "Not Applicable [GENEPIO:0001619]",
        "enrofloxacin_resistance_phenotype": "Resistant antimicrobial phenotype [ARO:3004301]",
        "enrofloxacin_measurement": "2",
        "enrofloxacin_measurement_units": "microgram per millilitre (ug/mL) [UO:0000274]",
        "enrofloxacin_measurement_sign": "equal to (==) [GENEPIO:0001004]",
        "enrofloxacin_testing_standard": "Clinical Laboratory and Standards Institute (CLSI) [ARO:3004366]",
        "enrofloxacin_testing_standard_version": "CLSI VET01S ED7:2024 - swine BP",
        "erythromycin_resistance_phenotype": "Susceptible antimicrobial phenotype [ARO:3004302]",
        "erythromycin_measurement": "0.25",
        "erythromycin_measurement_units": "microgram per millilitre (ug/mL) [UO:0000274]",
        "erythromycin_measurement_sign": "less than or equal to (<=) [GENEPIO:0001003]",
        "erythromycin_testing_standard": "Clinical Laboratory and Standards Institute (CLSI) [ARO:3004366]",
        "erythromycin_testing_standard_version": "M100 ED34:2024",
        "florfenicol_resistance_phenotype": "Susceptible antimicrobial phenotype [ARO:3004302]",
        "florfenicol_measurement": "2",
        "florfenicol_measurement_units": "microgram per millilitre (ug/mL) [UO:0000274]",
        "florfenicol_measurement_sign": "equal to (==) [GENEPIO:0001004]",
        "florfenicol_testing_standard": "Clinical Laboratory and Standards Institute (CLSI) [ARO:3004366]",
        "florfenicol_testing_standard_version": "CLSI VET01S ED7:2024 - swine BP",
        "gentamicin_resistance_phenotype": "Antibiotic resistance not defined [GENEPIO:0002040]",
        "gentamicin_measurement": "8",
        "gentamicin_measurement_units": "microgram per millilitre (ug/mL) [UO:0000274]",
        "gentamicin_measurement_sign": "equal to (==) [GENEPIO:0001004]",
        "gentamicin_testing_standard": "Clinical Laboratory and Standards Institute (CLSI) [ARO:3004366]",
        "imipenem_resistance_phenotype": "Not Collected [GENEPIO:0001620]",
        "imipenem_measurement": "Not Collected [GENEPIO:0001620]",
        "imipenem_measurement_units": "Not Applicable [GENEPIO:0001619]",
        "imipenem_measurement_sign": "Not Applicable [GENEPIO:0001619]",
        "imipenem_testing_standard": "Not Applicable [GENEPIO:0001619]",
        "kanamycin_resistance_phenotype": "Not Collected [GENEPIO:0001620]",
        "kanamycin_measurement": "Not Collected [GENEPIO:0001620]",
        "kanamycin_measurement_units": "Not Applicable [GENEPIO:0001619]",
        "kanamycin_measurement_sign": "Not Applicable [GENEPIO:0001619]",
        "kanamycin_testing_standard": "Not Applicable [GENEPIO:0001619]",
        "levofloxacin_resistance_phenotype": "Susceptible antimicrobial phenotype [ARO:3004302]",
        "levofloxacin_measurement": "2",
        "levofloxacin_measurement_units": "microgram per millilitre (ug/mL) [UO:0000274]",
        "levofloxacin_measurement_sign": "equal to (==) [GENEPIO:0001004]",
        "levofloxacin_testing_standard": "Clinical Laboratory and Standards Institute (CLSI) [ARO:3004366]",
        "levofloxacin_testing_standard_version": "M100 ED34:2024",
        "linezolid_resistance_phenotype": "Susceptible antimicrobial phenotype [ARO:3004302]",
        "linezolid_measurement": "2",
        "linezolid_measurement_units": "microgram per millilitre (ug/mL) [UO:0000274]",
        "linezolid_measurement_sign": "equal to (==) [GENEPIO:0001004]",
        "linezolid_testing_standard": "Clinical Laboratory and Standards Institute (CLSI) [ARO:3004366]",
        "linezolid_testing_standard_version": "M100 ED34:2024",
        "meropenem_resistance_phenotype": "Susceptible antimicrobial phenotype [ARO:3004302]",
        "meropenem_measurement": "0.25",
        "meropenem_measurement_units": "microgram per millilitre (ug/mL) [UO:0000274]",
        "meropenem_measurement_sign": "less than or equal to (<=) [GENEPIO:0001003]",
        "meropenem_testing_standard": "Clinical Laboratory and Standards Institute (CLSI) [ARO:3004366]",
        "meropenem_testing_standard_version": "M100 ED34:2024",
        "nalidixic_acid_resistance_phenotype": "Not Collected [GENEPIO:0001620]",
        "nalidixic_acid_measurement": "Not Collected [GENEPIO:0001620]",
        "nalidixic_acid_measurement_units": "Not Applicable [GENEPIO:0001619]",
        "nalidixic_acid_measurement_sign": "Not Applicable [GENEPIO:0001619]",
        "nalidixic_acid_testing_standard": "Not Applicable [GENEPIO:0001619]",
        "neomycin_measurement": "Not Collected [GENEPIO:0001620]",
        "neomycin_measurement_units": "Not Collected [GENEPIO:0001620]",
        "neomycin_measurement_sign": "Not Collected [GENEPIO:0001620]",
        "nitrofurantoin_resistance_phenotype": "Not Collected [GENEPIO:0001620]",
        "nitrofurantoin_measurement": "Not Collected [GENEPIO:0001620]",
        "nitrofurantoin_measurement_units": "Not Applicable [GENEPIO:0001619]",
        "nitrofurantoin_measurement_sign": "Not Applicable [GENEPIO:0001619]",
        "nitrofurantoin_testing_standard": "Not Applicable [GENEPIO:0001619]",
        "norfloxacin_resistance_phenotype": "Not Collected [GENEPIO:0001620]",
        "norfloxacin_measurement": "Not Collected [GENEPIO:0001620]",
        "norfloxacin_measurement_units": "Not Applicable [GENEPIO:0001619]",
        "norfloxacin_measurement_sign": "Not Applicable [GENEPIO:0001619]",
        "norfloxacin_testing_standard": "Not Applicable [GENEPIO:0001619]",
        "oxolinic-acid_resistance_phenotype": "Not Collected [GENEPIO:0001620]",
        "oxolinic-acid_measurement": "Not Collected [GENEPIO:0001620]",
        "oxolinic-acid_measurement_units": "Not Applicable [GENEPIO:0001619]",
        "oxolinic-acid_measurement_sign": "Not Applicable [GENEPIO:0001619]",
        "oxolinic-acid_testing_standard": "Not Applicable [GENEPIO:0001619]",
        "oxytetracycline_resistance_phenotype": "Not Collected [GENEPIO:0001620]",
        "oxytetracycline_measurement": "Not Collected [GENEPIO:0001620]",
        "oxytetracycline_measurement_units": "Not Applicable [GENEPIO:0001619]",
        "oxytetracycline_measurement_sign": "Not Applicable [GENEPIO:0001619]",
        "oxytetracycline_testing_standard": "Not Applicable [GENEPIO:0001619]",
        "penicillin_measurement": "Not Collected [GENEPIO:0001620]",
        "penicillin_measurement_units": "Not Collected [GENEPIO:0001620]",
        "penicillin_measurement_sign": "Not Collected [GENEPIO:0001620]",
        "piperacillin_resistance_phenotype": "Not Collected [GENEPIO:0001620]",
        "piperacillin_measurement": "Not Collected [GENEPIO:0001620]",
        "piperacillin_measurement_units": "Not Applicable [GENEPIO:0001619]",
        "piperacillin_measurement_sign": "Not Applicable [GENEPIO:0001619]",
        "piperacillin_testing_standard": "Not Applicable [GENEPIO:0001619]",
        "piperacillin-tazobactam_resistance_phenotype": "Not Collected [GENEPIO:0001620]",
        "piperacillin-tazobactam_measurement": "Not Collected [GENEPIO:0001620]",
        "piperacillin-tazobactam_measurement_units": "Not Applicable [GENEPIO:0001619]",
        "piperacillin-tazobactam_measurement_sign": "Not Applicable [GENEPIO:0001619]",
        "piperacillin-tazobactam_testing_standard": "Not Applicable [GENEPIO:0001619]",
        "polymyxin-b_resistance_phenotype": "Not Collected [GENEPIO:0001620]",
        "polymyxin-b_measurement": "Not Collected [GENEPIO:0001620]",
        "polymyxin-b_measurement_units": "Not Applicable [GENEPIO:0001619]",
        "polymyxin-b_measurement_sign": "Not Applicable [GENEPIO:0001619]",
        "polymyxin-b_testing_standard": "Not Applicable [GENEPIO:0001619]",
        "quinupristin-dalfopristin_resistance_phenotype": "Not Collected [GENEPIO:0001620]",
        "quinupristin-dalfopristin_measurement": "Not Collected [GENEPIO:0001620]",
        "quinupristin-dalfopristin_measurement_units": "Not Applicable [GENEPIO:0001619]",
        "quinupristin-dalfopristin_measurement_sign": "Not Applicable [GENEPIO:0001619]",
        "quinupristin-dalfopristin_testing_standard": "Not Applicable [GENEPIO:0001619]",
        "streptomycin_resistance_phenotype": "Not Collected [GENEPIO:0001620]",
        "streptomycin_measurement": "Not Collected [GENEPIO:0001620]",
        "streptomycin_measurement_units": "Not Applicable [GENEPIO:0001619]",
        "streptomycin_measurement_sign": "Not Applicable [GENEPIO:0001619]",
        "streptomycin_testing_standard": "Not Applicable [GENEPIO:0001619]",
        "sulfisoxazole_resistance_phenotype": "Not Collected [GENEPIO:0001620]",
        "sulfisoxazole_measurement": "Not Collected [GENEPIO:0001620]",
        "sulfisoxazole_measurement_units": "Not Applicable [GENEPIO:0001619]",
        "sulfisoxazole_measurement_sign": "Not Applicable [GENEPIO:0001619]",
        "sulfisoxazole_testing_standard": "Not Applicable [GENEPIO:0001619]",
        "telithromycin_resistance_phenotype": "Not Collected [GENEPIO:0001620]",
        "telithromycin_measurement": "Not Collected [GENEPIO:0001620]",
        "telithromycin_measurement_units": "Not Applicable [GENEPIO:0001619]",
        "telithromycin_measurement_sign": "Not Applicable [GENEPIO:0001619]",
        "telithromycin_testing_standard": "Not Applicable [GENEPIO:0001619]",
        "tetracycline_resistance_phenotype": "Resistant antimicrobial phenotype [ARO:3004301]",
        "tetracycline_measurement": "8",
        "tetracycline_measurement_units": "microgram per millilitre (ug/mL) [UO:0000274]",
        "tetracycline_measurement_sign": "greater than (>) [GENEPIO:0001006]",
        "tetracycline_testing_standard": "Clinical Laboratory and Standards Institute (CLSI) [ARO:3004366]",
        "tetracycline_testing_standard_version": "M100 ED34:2024",
        "tigecycline_resistance_phenotype": "Antibiotic resistance not defined [GENEPIO:0002040]",
        "tigecycline_measurement": "0.06",
        "tigecycline_measurement_units": "microgram per millilitre (ug/mL) [UO:0000274]",
        "tigecycline_measurement_sign": "equal to (==) [GENEPIO:0001004]",
        "tigecycline_testing_standard": "Clinical Laboratory and Standards Institute (CLSI) [ARO:3004366]",
        "trimethoprim-sulfamethoxazole_resistance_phenotype": "Antibiotic resistance not defined [GENEPIO:0002040]",
        "trimethoprim-sulfamethoxazole_measurement": "0.5",
        "trimethoprim-sulfamethoxazole_measurement_units": "microgram per millilitre (ug/mL) [UO:0000274]",
        "trimethoprim-sulfamethoxazole_measurement_sign": "less than or equal to (<=) [GENEPIO:0001003]",
        "trimethoprim-sulfamethoxazole_testing_standard": "Clinical Laboratory and Standards Institute (CLSI) [ARO:3004366]",
        "DataHarmonizer provenance": "DataHarmonizer v1.9.0, GRDI v13.4.4"
      },
      {
        "sample_collector_sample_ID": "125",
        "alternative_sample_ID": "SC22-5492-Y",
        "sample_collected_by": "Agriculture and Agri-Food Canada (AAFC) [GENEPIO:0100553]",
        "sample_collected_by_laboratory_name": "J. Bloggs Lab; Lethbridge Research and Development Centre",
        "sample_plan_name": "Not Applicable [GENEPIO:0001619]",
        "sample_plan_ID": "Not Applicable [GENEPIO:0001619]",
        "sample_collector_contact_email": "j.bloggs@agr.gc.ca",
        "purpose_of_sampling": "Research [GENEPIO:0100003]",
        "geo_loc_name (country)": "Canada [GAZ:00002560]",
        "geo_loc_name (state/province/region)": "Alberta [GAZ:00002566]",
        "sample_collection_date": "2008-11-22",
        "sample_collection_date_precision": "day [UO:0000033]",
        "environmental_site": "Farm [ENVO:00000078]",
        "environmental_material": "Not Applicable [GENEPIO:0001619]",
        "animal_or_plant_population": "Beef cattle [FOODON:00004413]",
        "anatomical_material": "Not Applicable [GENEPIO:0001619]",
        "body_product": "Not Applicable [GENEPIO:0001619]",
        "anatomical_part": "Rumen [UBERON:0007365]",
        "anatomical_region": "Not Applicable [GENEPIO:0001619]",
        "food_product": "Not Applicable [GENEPIO:0001619]",
        "food_product_properties": "Not Applicable [GENEPIO:0001619]",
        "animal_source_of_food": "Not Applicable [GENEPIO:0001619]",
        "food_packaging": "Not Applicable [GENEPIO:0001619]",
        "collection_device": "Not Provided [GENEPIO:0001668]",
        "collection_method": "Not Provided [GENEPIO:0001668]",
        "host (common name)": "Cow [NCBITaxon:9913]",
        "host (scientific name)": "Bos taurus [NCBITaxon:9913]",
        "microbiological_method": "Not Collected [GENEPIO:0001620]",
        "isolate_ID": "125",
        "alternative_isolate_ID": "SC22-5492-Y",
        "IRIDA_isolate_ID": "SC22-5492-Y",
        "IRIDA_project_ID": "2070",
        "organism": "Streptococcus lutetiensis [NCBITaxon:150055]",
        "taxonomic_identification_process": "Whole genome sequencing assay [OBI:0002117]",
        "serovar": "Not Applicable [GENEPIO:0001619]",
        "serotyping_method": "Not Applicable [GENEPIO:0001619]",
        "sequenced_by": "Public Health Agency of Canada (PHAC) [GENEPIO:0100551]",
        "sequenced_by_contact_name": "Emma Griffiths",
        "sequenced_by_contact_email": "person@phac-aspc.gc.ca",
        "purpose_of_sequencing": "Research [GENEPIO:0100003]",
        "sequencing_date": "2024-11-05",
        "sequencing_platform": "Illumina [GENEPIO:0001923]",
        "sequencing_instrument": "Illumina HiSeq [GENEPIO:0100110]",
        "sequencing_assay_type": "Amplicon sequencing assay [OBI:0002767]",
        "quality_control_determination": "No quality control issues identified [GENEPIO:0100562]",
        "raw_sequence_data_processing_method": "Not Collected [GENEPIO:0001620]",
        "dehosting_method": "Not Collected [GENEPIO:0001620]",
        "stage_of_production": "Not Applicable [GENEPIO:0001619]",
        "experimental_intervention": "Not Applicable [GENEPIO:0001619]",
        "experiment_intervention_details": "Not Applicable [GENEPIO:0001619]",
        "AMR_testing_by": "Public Health Agency of Canada (PHAC) [GENEPIO:0100551]",
        "AMR_testing_by_contact_name": "NMLB, Streptococcus and STI Section",
        "AMR_testing_by_contact_email": "person@phac-aspc.gc.ca",
        "amikacin_resistance_phenotype": "Not Collected [GENEPIO:0001620]",
        "amikacin_measurement": "Not Collected [GENEPIO:0001620]",
        "amikacin_measurement_units": "Not Applicable [GENEPIO:0001619]",
        "amikacin_measurement_sign": "Not Applicable [GENEPIO:0001619]",
        "amikacin_testing_standard": "Not Applicable [GENEPIO:0001619]",
        "amoxicillin-clavulanic_acid_resistance_phenotype": "Antibiotic resistance not defined [GENEPIO:0002040]",
        "amoxicillin-clavulanic_acid_measurement": "2",
        "amoxicillin-clavulanic_acid_measurement_units": "microgram per millilitre (ug/mL) [UO:0000274]",
        "amoxicillin-clavulanic_acid_measurement_sign": "less than or equal to (<=) [GENEPIO:0001003]",
        "amoxicillin-clavulanic_acid_testing_standard": "Clinical Laboratory and Standards Institute (CLSI) [ARO:3004366]",
        "amoxicillin-clavulanic_acid_testing_standard_version": "M100 ED34:2024",
        "ampicillin_resistance_phenotype": "Susceptible antimicrobial phenotype [ARO:3004302]",
        "ampicillin_measurement": "0.25",
        "ampicillin_measurement_units": "microgram per millilitre (ug/mL) [UO:0000274]",
        "ampicillin_measurement_sign": "less than or equal to (<=) [GENEPIO:0001003]",
        "ampicillin_testing_standard": "Clinical Laboratory and Standards Institute (CLSI) [ARO:3004366]",
        "ampicillin_testing_standard_version": "M100 ED34:2024",
        "azithromycin_resistance_phenotype": "Susceptible antimicrobial phenotype [ARO:3004302]",
        "azithromycin_measurement": "0.25",
        "azithromycin_measurement_units": "microgram per millilitre (ug/mL) [UO:0000274]",
        "azithromycin_measurement_sign": "less than or equal to (<=) [GENEPIO:0001003]",
        "azithromycin_testing_standard": "Clinical Laboratory and Standards Institute (CLSI) [ARO:3004366]",
        "azithromycin_testing_standard_version": "M100 ED34:2024",
        "cefazolin_resistance_phenotype": "Not Collected [GENEPIO:0001620]",
        "cefazolin_measurement": "Not Collected [GENEPIO:0001620]",
        "cefazolin_measurement_units": "Not Applicable [GENEPIO:0001619]",
        "cefazolin_measurement_sign": "Not Applicable [GENEPIO:0001619]",
        "cefazolin_testing_standard": "Not Applicable [GENEPIO:0001619]",
        "cefepime_resistance_phenotype": "Susceptible antimicrobial phenotype [ARO:3004302]",
        "cefepime_measurement": "0.5",
        "cefepime_measurement_units": "microgram per millilitre (ug/mL) [UO:0000274]",
        "cefepime_measurement_sign": "less than or equal to (<=) [GENEPIO:0001003]",
        "cefepime_testing_standard": "Clinical Laboratory and Standards Institute (CLSI) [ARO:3004366]",
        "cefepime_testing_standard_version": "M100 ED34:2024",
        "cefotaxime_resistance_phenotype": "Susceptible antimicrobial phenotype [ARO:3004302]",
        "cefotaxime_measurement": "0.12",
        "cefotaxime_measurement_units": "microgram per millilitre (ug/mL) [UO:0000274]",
        "cefotaxime_measurement_sign": "less than or equal to (<=) [GENEPIO:0001003]",
        "cefotaxime_testing_standard": "Clinical Laboratory and Standards Institute (CLSI) [ARO:3004366]",
        "cefotaxime_testing_standard_version": "M100 ED34:2024",
        "cefotaxime-clavulanic_acid_resistance_phenotype": "Not Collected [GENEPIO:0001620]",
        "cefotaxime-clavulanic_acid_measurement": "Not Collected [GENEPIO:0001620]",
        "cefotaxime-clavulanic_acid_measurement_units": "Not Applicable [GENEPIO:0001619]",
        "cefotaxime-clavulanic_acid_measurement_sign": "Not Applicable [GENEPIO:0001619]",
        "cefotaxime-clavulanic_acid_testing_standard": "Not Applicable [GENEPIO:0001619]",
        "cefoxitin_resistance_phenotype": "Not Collected [GENEPIO:0001620]",
        "cefoxitin_measurement": "Not Collected [GENEPIO:0001620]",
        "cefoxitin_measurement_units": "Not Applicable [GENEPIO:0001619]",
        "cefoxitin_measurement_sign": "Not Applicable [GENEPIO:0001619]",
        "cefoxitin_testing_standard": "Not Applicable [GENEPIO:0001619]",
        "cefpodoxime_resistance_phenotype": "Not Collected [GENEPIO:0001620]",
        "cefpodoxime_measurement": "Not Collected [GENEPIO:0001620]",
        "cefpodoxime_measurement_units": "Not Applicable [GENEPIO:0001619]",
        "cefpodoxime_measurement_sign": "Not Applicable [GENEPIO:0001619]",
        "cefpodoxime_testing_standard": "Not Applicable [GENEPIO:0001619]",
        "ceftazidime_resistance_phenotype": "Not Collected [GENEPIO:0001620]",
        "ceftazidime_measurement": "Not Collected [GENEPIO:0001620]",
        "ceftazidime_measurement_units": "Not Applicable [GENEPIO:0001619]",
        "ceftazidime_measurement_sign": "Not Applicable [GENEPIO:0001619]",
        "ceftazidime_testing_standard": "Not Applicable [GENEPIO:0001619]",
        "ceftazidime-clavulanic_acid_resistance_phenotype": "Not Collected [GENEPIO:0001620]",
        "ceftazidime-clavulanic_acid_measurement": "Not Collected [GENEPIO:0001620]",
        "ceftazidime-clavulanic_acid_measurement_units": "Not Applicable [GENEPIO:0001619]",
        "ceftazidime-clavulanic_acid_measurement_sign": "Not Applicable [GENEPIO:0001619]",
        "ceftazidime-clavulanic_acid_testing_standard": "Not Applicable [GENEPIO:0001619]",
        "ceftiofur_resistance_phenotype": "Susceptible antimicrobial phenotype [ARO:3004302]",
        "ceftiofur_measurement": "0.25",
        "ceftiofur_measurement_units": "microgram per millilitre (ug/mL) [UO:0000274]",
        "ceftiofur_measurement_sign": "less than or equal to (<=) [GENEPIO:0001003]",
        "ceftiofur_testing_standard": "Clinical Laboratory and Standards Institute (CLSI) [ARO:3004366]",
        "ceftiofur_testing_standard_version": "CLSI VET01S ED7:2024 - swine BP",
        "ceftriaxone_resistance_phenotype": "Susceptible antimicrobial phenotype [ARO:3004302]",
        "ceftriaxone_measurement": "0.12",
        "ceftriaxone_measurement_units": "microgram per millilitre (ug/mL) [UO:0000274]",
        "ceftriaxone_measurement_sign": "less than or equal to (<=) [GENEPIO:0001003]",
        "ceftriaxone_testing_standard": "Clinical Laboratory and Standards Institute (CLSI) [ARO:3004366]",
        "ceftriaxone_testing_standard_version": "M100 ED34:2024",
        "cephalothin_resistance_phenotype": "Not Collected [GENEPIO:0001620]",
        "cephalothin_measurement": "Not Collected [GENEPIO:0001620]",
        "cephalothin_measurement_units": "Not Applicable [GENEPIO:0001619]",
        "cephalothin_measurement_sign": "Not Applicable [GENEPIO:0001619]",
        "cephalothin_testing_standard": "Not Applicable [GENEPIO:0001619]",
        "chloramphenicol_resistance_phenotype": "Susceptible antimicrobial phenotype [ARO:3004302]",
        "chloramphenicol_measurement": "2",
        "chloramphenicol_measurement_units": "microgram per millilitre (ug/mL) [UO:0000274]",
        "chloramphenicol_measurement_sign": "equal to (==) [GENEPIO:0001004]",
        "chloramphenicol_testing_standard": "Clinical Laboratory and Standards Institute (CLSI) [ARO:3004366]",
        "chloramphenicol_testing_standard_version": "M100 ED34:2024",
        "ciprofloxacin_resistance_phenotype": "Not Collected [GENEPIO:0001620]",
        "ciprofloxacin_measurement": "Not Collected [GENEPIO:0001620]",
        "ciprofloxacin_measurement_units": "Not Applicable [GENEPIO:0001619]",
        "ciprofloxacin_measurement_sign": "Not Applicable [GENEPIO:0001619]",
        "ciprofloxacin_testing_standard": "Not Applicable [GENEPIO:0001619]",
        "clindamycin_resistance_phenotype": "Susceptible antimicrobial phenotype [ARO:3004302]",
        "clindamycin_measurement": "0.12",
        "clindamycin_measurement_units": "microgram per millilitre (ug/mL) [UO:0000274]",
        "clindamycin_measurement_sign": "less than or equal to (<=) [GENEPIO:0001003]",
        "clindamycin_testing_standard": "Clinical Laboratory and Standards Institute (CLSI) [ARO:3004366]",
        "clindamycin_testing_standard_version": "M100 ED34:2024",
        "doxycycline_resistance_phenotype": "Not Collected [GENEPIO:0001620]",
        "doxycycline_measurement": "Not Collected [GENEPIO:0001620]",
        "doxycycline_measurement_units": "Not Applicable [GENEPIO:0001619]",
        "doxycycline_measurement_sign": "Not Applicable [GENEPIO:0001619]",
        "doxycycline_testing_standard": "Not Applicable [GENEPIO:0001619]",
        "enrofloxacin_resistance_phenotype": "Resistant antimicrobial phenotype [ARO:3004301]",
        "enrofloxacin_measurement": "2",
        "enrofloxacin_measurement_units": "microgram per millilitre (ug/mL) [UO:0000274]",
        "enrofloxacin_measurement_sign": "equal to (==) [GENEPIO:0001004]",
        "enrofloxacin_testing_standard": "Clinical Laboratory and Standards Institute (CLSI) [ARO:3004366]",
        "enrofloxacin_testing_standard_version": "CLSI VET01S ED7:2024 - swine BP",
        "erythromycin_resistance_phenotype": "Susceptible antimicrobial phenotype [ARO:3004302]",
        "erythromycin_measurement": "0.25",
        "erythromycin_measurement_units": "microgram per millilitre (ug/mL) [UO:0000274]",
        "erythromycin_measurement_sign": "less than or equal to (<=) [GENEPIO:0001003]",
        "erythromycin_testing_standard": "Clinical Laboratory and Standards Institute (CLSI) [ARO:3004366]",
        "erythromycin_testing_standard_version": "M100 ED34:2024",
        "florfenicol_resistance_phenotype": "Susceptible antimicrobial phenotype [ARO:3004302]",
        "florfenicol_measurement": "1",
        "florfenicol_measurement_units": "microgram per millilitre (ug/mL) [UO:0000274]",
        "florfenicol_measurement_sign": "equal to (==) [GENEPIO:0001004]",
        "florfenicol_testing_standard": "Clinical Laboratory and Standards Institute (CLSI) [ARO:3004366]",
        "florfenicol_testing_standard_version": "CLSI VET01S ED7:2024 - swine BP",
        "gentamicin_resistance_phenotype": "Antibiotic resistance not defined [GENEPIO:0002040]",
        "gentamicin_measurement": "4",
        "gentamicin_measurement_units": "microgram per millilitre (ug/mL) [UO:0000274]",
        "gentamicin_measurement_sign": "equal to (==) [GENEPIO:0001004]",
        "gentamicin_testing_standard": "Clinical Laboratory and Standards Institute (CLSI) [ARO:3004366]",
        "imipenem_resistance_phenotype": "Not Collected [GENEPIO:0001620]",
        "imipenem_measurement": "Not Collected [GENEPIO:0001620]",
        "imipenem_measurement_units": "Not Applicable [GENEPIO:0001619]",
        "imipenem_measurement_sign": "Not Applicable [GENEPIO:0001619]",
        "imipenem_testing_standard": "Not Applicable [GENEPIO:0001619]",
        "kanamycin_resistance_phenotype": "Not Collected [GENEPIO:0001620]",
        "kanamycin_measurement": "Not Collected [GENEPIO:0001620]",
        "kanamycin_measurement_units": "Not Applicable [GENEPIO:0001619]",
        "kanamycin_measurement_sign": "Not Applicable [GENEPIO:0001619]",
        "kanamycin_testing_standard": "Not Applicable [GENEPIO:0001619]",
        "levofloxacin_resistance_phenotype": "Susceptible antimicrobial phenotype [ARO:3004302]",
        "levofloxacin_measurement": "1",
        "levofloxacin_measurement_units": "microgram per millilitre (ug/mL) [UO:0000274]",
        "levofloxacin_measurement_sign": "equal to (==) [GENEPIO:0001004]",
        "levofloxacin_testing_standard": "Clinical Laboratory and Standards Institute (CLSI) [ARO:3004366]",
        "levofloxacin_testing_standard_version": "M100 ED34:2024",
        "linezolid_resistance_phenotype": "Susceptible antimicrobial phenotype [ARO:3004302]",
        "linezolid_measurement": "2",
        "linezolid_measurement_units": "microgram per millilitre (ug/mL) [UO:0000274]",
        "linezolid_measurement_sign": "equal to (==) [GENEPIO:0001004]",
        "linezolid_testing_standard": "Clinical Laboratory and Standards Institute (CLSI) [ARO:3004366]",
        "linezolid_testing_standard_version": "M100 ED34:2024",
        "meropenem_resistance_phenotype": "Susceptible antimicrobial phenotype [ARO:3004302]",
        "meropenem_measurement": "0.25",
        "meropenem_measurement_units": "microgram per millilitre (ug/mL) [UO:0000274]",
        "meropenem_measurement_sign": "less than or equal to (<=) [GENEPIO:0001003]",
        "meropenem_testing_standard": "Clinical Laboratory and Standards Institute (CLSI) [ARO:3004366]",
        "meropenem_testing_standard_version": "M100 ED34:2024",
        "nalidixic_acid_resistance_phenotype": "Not Collected [GENEPIO:0001620]",
        "nalidixic_acid_measurement": "Not Collected [GENEPIO:0001620]",
        "nalidixic_acid_measurement_units": "Not Applicable [GENEPIO:0001619]",
        "nalidixic_acid_measurement_sign": "Not Applicable [GENEPIO:0001619]",
        "nalidixic_acid_testing_standard": "Not Applicable [GENEPIO:0001619]",
        "neomycin_measurement": "Not Collected [GENEPIO:0001620]",
        "neomycin_measurement_units": "Not Collected [GENEPIO:0001620]",
        "neomycin_measurement_sign": "Not Collected [GENEPIO:0001620]",
        "nitrofurantoin_resistance_phenotype": "Not Collected [GENEPIO:0001620]",
        "nitrofurantoin_measurement": "Not Collected [GENEPIO:0001620]",
        "nitrofurantoin_measurement_units": "Not Applicable [GENEPIO:0001619]",
        "nitrofurantoin_measurement_sign": "Not Applicable [GENEPIO:0001619]",
        "nitrofurantoin_testing_standard": "Not Applicable [GENEPIO:0001619]",
        "norfloxacin_resistance_phenotype": "Not Collected [GENEPIO:0001620]",
        "norfloxacin_measurement": "Not Collected [GENEPIO:0001620]",
        "norfloxacin_measurement_units": "Not Applicable [GENEPIO:0001619]",
        "norfloxacin_measurement_sign": "Not Applicable [GENEPIO:0001619]",
        "norfloxacin_testing_standard": "Not Applicable [GENEPIO:0001619]",
        "oxolinic-acid_resistance_phenotype": "Not Collected [GENEPIO:0001620]",
        "oxolinic-acid_measurement": "Not Collected [GENEPIO:0001620]",
        "oxolinic-acid_measurement_units": "Not Applicable [GENEPIO:0001619]",
        "oxolinic-acid_measurement_sign": "Not Applicable [GENEPIO:0001619]",
        "oxolinic-acid_testing_standard": "Not Applicable [GENEPIO:0001619]",
        "oxytetracycline_resistance_phenotype": "Not Collected [GENEPIO:0001620]",
        "oxytetracycline_measurement": "Not Collected [GENEPIO:0001620]",
        "oxytetracycline_measurement_units": "Not Applicable [GENEPIO:0001619]",
        "oxytetracycline_measurement_sign": "Not Applicable [GENEPIO:0001619]",
        "oxytetracycline_testing_standard": "Not Applicable [GENEPIO:0001619]",
        "penicillin_measurement": "Not Collected [GENEPIO:0001620]",
        "penicillin_measurement_units": "Not Collected [GENEPIO:0001620]",
        "penicillin_measurement_sign": "Not Collected [GENEPIO:0001620]",
        "piperacillin_resistance_phenotype": "Not Collected [GENEPIO:0001620]",
        "piperacillin_measurement": "Not Collected [GENEPIO:0001620]",
        "piperacillin_measurement_units": "Not Applicable [GENEPIO:0001619]",
        "piperacillin_measurement_sign": "Not Applicable [GENEPIO:0001619]",
        "piperacillin_testing_standard": "Not Applicable [GENEPIO:0001619]",
        "piperacillin-tazobactam_resistance_phenotype": "Not Collected [GENEPIO:0001620]",
        "piperacillin-tazobactam_measurement": "Not Collected [GENEPIO:0001620]",
        "piperacillin-tazobactam_measurement_units": "Not Applicable [GENEPIO:0001619]",
        "piperacillin-tazobactam_measurement_sign": "Not Applicable [GENEPIO:0001619]",
        "piperacillin-tazobactam_testing_standard": "Not Applicable [GENEPIO:0001619]",
        "polymyxin-b_resistance_phenotype": "Not Collected [GENEPIO:0001620]",
        "polymyxin-b_measurement": "Not Collected [GENEPIO:0001620]",
        "polymyxin-b_measurement_units": "Not Applicable [GENEPIO:0001619]",
        "polymyxin-b_measurement_sign": "Not Applicable [GENEPIO:0001619]",
        "polymyxin-b_testing_standard": "Not Applicable [GENEPIO:0001619]",
        "quinupristin-dalfopristin_resistance_phenotype": "Not Collected [GENEPIO:0001620]",
        "quinupristin-dalfopristin_measurement": "Not Collected [GENEPIO:0001620]",
        "quinupristin-dalfopristin_measurement_units": "Not Applicable [GENEPIO:0001619]",
        "quinupristin-dalfopristin_measurement_sign": "Not Applicable [GENEPIO:0001619]",
        "quinupristin-dalfopristin_testing_standard": "Not Applicable [GENEPIO:0001619]",
        "streptomycin_resistance_phenotype": "Not Collected [GENEPIO:0001620]",
        "streptomycin_measurement": "Not Collected [GENEPIO:0001620]",
        "streptomycin_measurement_units": "Not Applicable [GENEPIO:0001619]",
        "streptomycin_measurement_sign": "Not Applicable [GENEPIO:0001619]",
        "streptomycin_testing_standard": "Not Applicable [GENEPIO:0001619]",
        "sulfisoxazole_resistance_phenotype": "Not Collected [GENEPIO:0001620]",
        "sulfisoxazole_measurement": "Not Collected [GENEPIO:0001620]",
        "sulfisoxazole_measurement_units": "Not Applicable [GENEPIO:0001619]",
        "sulfisoxazole_measurement_sign": "Not Applicable [GENEPIO:0001619]",
        "sulfisoxazole_testing_standard": "Not Applicable [GENEPIO:0001619]",
        "telithromycin_resistance_phenotype": "Not Collected [GENEPIO:0001620]",
        "telithromycin_measurement": "Not Collected [GENEPIO:0001620]",
        "telithromycin_measurement_units": "Not Applicable [GENEPIO:0001619]",
        "telithromycin_measurement_sign": "Not Applicable [GENEPIO:0001619]",
        "telithromycin_testing_standard": "Not Applicable [GENEPIO:0001619]",
        "tetracycline_resistance_phenotype": "Susceptible antimicrobial phenotype [ARO:3004302]",
        "tetracycline_measurement": "1",
        "tetracycline_measurement_units": "microgram per millilitre (ug/mL) [UO:0000274]",
        "tetracycline_measurement_sign": "less than or equal to (<=) [GENEPIO:0001003]",
        "tetracycline_testing_standard": "Clinical Laboratory and Standards Institute (CLSI) [ARO:3004366]",
        "tetracycline_testing_standard_version": "M100 ED34:2024",
        "tigecycline_resistance_phenotype": "Antibiotic resistance not defined [GENEPIO:0002040]",
        "tigecycline_measurement": "0.03",
        "tigecycline_measurement_units": "microgram per millilitre (ug/mL) [UO:0000274]",
        "tigecycline_measurement_sign": "equal to (==) [GENEPIO:0001004]",
        "tigecycline_testing_standard": "Clinical Laboratory and Standards Institute (CLSI) [ARO:3004366]",
        "trimethoprim-sulfamethoxazole_resistance_phenotype": "Antibiotic resistance not defined [GENEPIO:0002040]",
        "trimethoprim-sulfamethoxazole_measurement": "0.5",
        "trimethoprim-sulfamethoxazole_measurement_units": "microgram per millilitre (ug/mL) [UO:0000274]",
        "trimethoprim-sulfamethoxazole_measurement_sign": "less than or equal to (<=) [GENEPIO:0001003]",
        "trimethoprim-sulfamethoxazole_testing_standard": "Clinical Laboratory and Standards Institute (CLSI) [ARO:3004366]",
        "DataHarmonizer provenance": "DataHarmonizer v1.9.0, GRDI v13.4.4"
      },
      {
        "sample_collector_sample_ID": "131",
        "alternative_sample_ID": "SC22-5492-X",
        "sample_collected_by": "Agriculture and Agri-Food Canada (AAFC) [GENEPIO:0100553]",
        "sample_collected_by_laboratory_name": "J. Bloggs Lab; Lethbridge Research and Development Centre",
        "sample_plan_name": "Not Applicable [GENEPIO:0001619]",
        "sample_plan_ID": "Not Applicable [GENEPIO:0001619]",
        "sample_collector_contact_email": "j.bloggs@agr.gc.ca",
        "purpose_of_sampling": "Research [GENEPIO:0100003]",
        "geo_loc_name (country)": "Canada [GAZ:00002560]",
        "geo_loc_name (state/province/region)": "Alberta [GAZ:00002566]",
        "sample_collection_date": "2008-09-22",
        "sample_collection_date_precision": "day [UO:0000033]",
        "environmental_site": "Farm [ENVO:00000078]",
        "environmental_material": "Not Applicable [GENEPIO:0001619]",
        "animal_or_plant_population": "Beef cattle [FOODON:00004413]",
        "anatomical_material": "Not Applicable [GENEPIO:0001619]",
        "body_product": "Not Applicable [GENEPIO:0001619]",
        "anatomical_part": "Rumen [UBERON:0007365]",
        "anatomical_region": "Not Applicable [GENEPIO:0001619]",
        "food_product": "Not Applicable [GENEPIO:0001619]",
        "food_product_properties": "Not Applicable [GENEPIO:0001619]",
        "animal_source_of_food": "Not Applicable [GENEPIO:0001619]",
        "food_packaging": "Not Applicable [GENEPIO:0001619]",
        "collection_device": "Not Provided [GENEPIO:0001668]",
        "collection_method": "Not Provided [GENEPIO:0001668]",
        "host (common name)": "Cow [NCBITaxon:9913]",
        "host (scientific name)": "Bos taurus [NCBITaxon:9913]",
        "microbiological_method": "Not Collected [GENEPIO:0001620]",
        "isolate_ID": "131",
        "alternative_isolate_ID": "SC22-5492-X",
        "IRIDA_isolate_ID": "SC22-5492-X",
        "IRIDA_project_ID": "2070",
        "organism": "Streptococcus equinus [NCBITaxon:1335]",
        "taxonomic_identification_process": "Whole genome sequencing assay [OBI:0002117]",
        "serovar": "Not Applicable [GENEPIO:0001619]",
        "serotyping_method": "Not Applicable [GENEPIO:0001619]",
        "sequenced_by": "Public Health Agency of Canada (PHAC) [GENEPIO:0100551]",
        "sequenced_by_contact_name": "Emma Griffiths",
        "sequenced_by_contact_email": "person@phac-aspc.gc.ca",
        "purpose_of_sequencing": "Research [GENEPIO:0100003]",
        "sequencing_date": "2024-11-05",
        "sequencing_platform": "Illumina [GENEPIO:0001923]",
        "sequencing_instrument": "Illumina HiSeq [GENEPIO:0100110]",
        "sequencing_assay_type": "Amplicon sequencing assay [OBI:0002767]",
        "quality_control_determination": "No quality control issues identified [GENEPIO:0100562]",
        "raw_sequence_data_processing_method": "Not Collected [GENEPIO:0001620]",
        "dehosting_method": "Not Collected [GENEPIO:0001620]",
        "stage_of_production": "Not Applicable [GENEPIO:0001619]",
        "experimental_intervention": "Not Applicable [GENEPIO:0001619]",
        "experiment_intervention_details": "Not Applicable [GENEPIO:0001619]",
        "AMR_testing_by": "Public Health Agency of Canada (PHAC) [GENEPIO:0100551]",
        "AMR_testing_by_contact_name": "NMLB, Streptococcus and STI Section",
        "AMR_testing_by_contact_email": "person@phac-aspc.gc.ca",
        "amikacin_resistance_phenotype": "Not Collected [GENEPIO:0001620]",
        "amikacin_measurement": "Not Collected [GENEPIO:0001620]",
        "amikacin_measurement_units": "Not Applicable [GENEPIO:0001619]",
        "amikacin_measurement_sign": "Not Applicable [GENEPIO:0001619]",
        "amikacin_testing_standard": "Not Applicable [GENEPIO:0001619]",
        "amoxicillin-clavulanic_acid_resistance_phenotype": "Antibiotic resistance not defined [GENEPIO:0002040]",
        "amoxicillin-clavulanic_acid_measurement": "2",
        "amoxicillin-clavulanic_acid_measurement_units": "microgram per millilitre (ug/mL) [UO:0000274]",
        "amoxicillin-clavulanic_acid_measurement_sign": "less than or equal to (<=) [GENEPIO:0001003]",
        "amoxicillin-clavulanic_acid_testing_standard": "Clinical Laboratory and Standards Institute (CLSI) [ARO:3004366]",
        "amoxicillin-clavulanic_acid_testing_standard_version": "M100 ED34:2024",
        "ampicillin_resistance_phenotype": "Susceptible antimicrobial phenotype [ARO:3004302]",
        "ampicillin_measurement": "0.25",
        "ampicillin_measurement_units": "microgram per millilitre (ug/mL) [UO:0000274]",
        "ampicillin_measurement_sign": "less than or equal to (<=) [GENEPIO:0001003]",
        "ampicillin_testing_standard": "Clinical Laboratory and Standards Institute (CLSI) [ARO:3004366]",
        "ampicillin_testing_standard_version": "M100 ED34:2024",
        "azithromycin_resistance_phenotype": "Susceptible antimicrobial phenotype [ARO:3004302]",
        "azithromycin_measurement": "0.25",
        "azithromycin_measurement_units": "microgram per millilitre (ug/mL) [UO:0000274]",
        "azithromycin_measurement_sign": "less than or equal to (<=) [GENEPIO:0001003]",
        "azithromycin_testing_standard": "Clinical Laboratory and Standards Institute (CLSI) [ARO:3004366]",
        "azithromycin_testing_standard_version": "M100 ED34:2024",
        "cefazolin_resistance_phenotype": "Not Collected [GENEPIO:0001620]",
        "cefazolin_measurement": "Not Collected [GENEPIO:0001620]",
        "cefazolin_measurement_units": "Not Applicable [GENEPIO:0001619]",
        "cefazolin_measurement_sign": "Not Applicable [GENEPIO:0001619]",
        "cefazolin_testing_standard": "Not Applicable [GENEPIO:0001619]",
        "cefepime_resistance_phenotype": "Susceptible antimicrobial phenotype [ARO:3004302]",
        "cefepime_measurement": "0.5",
        "cefepime_measurement_units": "microgram per millilitre (ug/mL) [UO:0000274]",
        "cefepime_measurement_sign": "less than or equal to (<=) [GENEPIO:0001003]",
        "cefepime_testing_standard": "Clinical Laboratory and Standards Institute (CLSI) [ARO:3004366]",
        "cefepime_testing_standard_version": "M100 ED34:2024",
        "cefotaxime_resistance_phenotype": "Susceptible antimicrobial phenotype [ARO:3004302]",
        "cefotaxime_measurement": "0.12",
        "cefotaxime_measurement_units": "microgram per millilitre (ug/mL) [UO:0000274]",
        "cefotaxime_measurement_sign": "less than or equal to (<=) [GENEPIO:0001003]",
        "cefotaxime_testing_standard": "Clinical Laboratory and Standards Institute (CLSI) [ARO:3004366]",
        "cefotaxime_testing_standard_version": "M100 ED34:2024",
        "cefotaxime-clavulanic_acid_resistance_phenotype": "Not Collected [GENEPIO:0001620]",
        "cefotaxime-clavulanic_acid_measurement": "Not Collected [GENEPIO:0001620]",
        "cefotaxime-clavulanic_acid_measurement_units": "Not Applicable [GENEPIO:0001619]",
        "cefotaxime-clavulanic_acid_measurement_sign": "Not Applicable [GENEPIO:0001619]",
        "cefotaxime-clavulanic_acid_testing_standard": "Not Applicable [GENEPIO:0001619]",
        "cefoxitin_resistance_phenotype": "Not Collected [GENEPIO:0001620]",
        "cefoxitin_measurement": "Not Collected [GENEPIO:0001620]",
        "cefoxitin_measurement_units": "Not Applicable [GENEPIO:0001619]",
        "cefoxitin_measurement_sign": "Not Applicable [GENEPIO:0001619]",
        "cefoxitin_testing_standard": "Not Applicable [GENEPIO:0001619]",
        "cefpodoxime_resistance_phenotype": "Not Collected [GENEPIO:0001620]",
        "cefpodoxime_measurement": "Not Collected [GENEPIO:0001620]",
        "cefpodoxime_measurement_units": "Not Applicable [GENEPIO:0001619]",
        "cefpodoxime_measurement_sign": "Not Applicable [GENEPIO:0001619]",
        "cefpodoxime_testing_standard": "Not Applicable [GENEPIO:0001619]",
        "ceftazidime_resistance_phenotype": "Not Collected [GENEPIO:0001620]",
        "ceftazidime_measurement": "Not Collected [GENEPIO:0001620]",
        "ceftazidime_measurement_units": "Not Applicable [GENEPIO:0001619]",
        "ceftazidime_measurement_sign": "Not Applicable [GENEPIO:0001619]",
        "ceftazidime_testing_standard": "Not Applicable [GENEPIO:0001619]",
        "ceftazidime-clavulanic_acid_resistance_phenotype": "Not Collected [GENEPIO:0001620]",
        "ceftazidime-clavulanic_acid_measurement": "Not Collected [GENEPIO:0001620]",
        "ceftazidime-clavulanic_acid_measurement_units": "Not Applicable [GENEPIO:0001619]",
        "ceftazidime-clavulanic_acid_measurement_sign": "Not Applicable [GENEPIO:0001619]",
        "ceftazidime-clavulanic_acid_testing_standard": "Not Applicable [GENEPIO:0001619]",
        "ceftiofur_resistance_phenotype": "Susceptible antimicrobial phenotype [ARO:3004302]",
        "ceftiofur_measurement": "0.25",
        "ceftiofur_measurement_units": "microgram per millilitre (ug/mL) [UO:0000274]",
        "ceftiofur_measurement_sign": "less than or equal to (<=) [GENEPIO:0001003]",
        "ceftiofur_testing_standard": "Clinical Laboratory and Standards Institute (CLSI) [ARO:3004366]",
        "ceftiofur_testing_standard_version": "CLSI VET01S ED7:2024 - swine BP",
        "ceftriaxone_resistance_phenotype": "Susceptible antimicrobial phenotype [ARO:3004302]",
        "ceftriaxone_measurement": "0.12",
        "ceftriaxone_measurement_units": "microgram per millilitre (ug/mL) [UO:0000274]",
        "ceftriaxone_measurement_sign": "less than or equal to (<=) [GENEPIO:0001003]",
        "ceftriaxone_testing_standard": "Clinical Laboratory and Standards Institute (CLSI) [ARO:3004366]",
        "ceftriaxone_testing_standard_version": "M100 ED34:2024",
        "cephalothin_resistance_phenotype": "Not Collected [GENEPIO:0001620]",
        "cephalothin_measurement": "Not Collected [GENEPIO:0001620]",
        "cephalothin_measurement_units": "Not Applicable [GENEPIO:0001619]",
        "cephalothin_measurement_sign": "Not Applicable [GENEPIO:0001619]",
        "cephalothin_testing_standard": "Not Applicable [GENEPIO:0001619]",
        "chloramphenicol_resistance_phenotype": "Susceptible antimicrobial phenotype [ARO:3004302]",
        "chloramphenicol_measurement": "2",
        "chloramphenicol_measurement_units": "microgram per millilitre (ug/mL) [UO:0000274]",
        "chloramphenicol_measurement_sign": "equal to (==) [GENEPIO:0001004]",
        "chloramphenicol_testing_standard": "Clinical Laboratory and Standards Institute (CLSI) [ARO:3004366]",
        "chloramphenicol_testing_standard_version": "M100 ED34:2024",
        "ciprofloxacin_resistance_phenotype": "Not Collected [GENEPIO:0001620]",
        "ciprofloxacin_measurement": "Not Collected [GENEPIO:0001620]",
        "ciprofloxacin_measurement_units": "Not Applicable [GENEPIO:0001619]",
        "ciprofloxacin_measurement_sign": "Not Applicable [GENEPIO:0001619]",
        "ciprofloxacin_testing_standard": "Not Applicable [GENEPIO:0001619]",
        "clindamycin_resistance_phenotype": "Susceptible antimicrobial phenotype [ARO:3004302]",
        "clindamycin_measurement": "0.12",
        "clindamycin_measurement_units": "microgram per millilitre (ug/mL) [UO:0000274]",
        "clindamycin_measurement_sign": "less than or equal to (<=) [GENEPIO:0001003]",
        "clindamycin_testing_standard": "Clinical Laboratory and Standards Institute (CLSI) [ARO:3004366]",
        "clindamycin_testing_standard_version": "M100 ED34:2024",
        "doxycycline_resistance_phenotype": "Not Collected [GENEPIO:0001620]",
        "doxycycline_measurement": "Not Collected [GENEPIO:0001620]",
        "doxycycline_measurement_units": "Not Applicable [GENEPIO:0001619]",
        "doxycycline_measurement_sign": "Not Applicable [GENEPIO:0001619]",
        "doxycycline_testing_standard": "Not Applicable [GENEPIO:0001619]",
        "enrofloxacin_resistance_phenotype": "Intermediate antimicrobial phenotype [ARO:3004300]",
        "enrofloxacin_measurement": "1",
        "enrofloxacin_measurement_units": "microgram per millilitre (ug/mL) [UO:0000274]",
        "enrofloxacin_measurement_sign": "equal to (==) [GENEPIO:0001004]",
        "enrofloxacin_testing_standard": "Clinical Laboratory and Standards Institute (CLSI) [ARO:3004366]",
        "enrofloxacin_testing_standard_version": "CLSI VET01S ED7:2024 - swine BP",
        "erythromycin_resistance_phenotype": "Susceptible antimicrobial phenotype [ARO:3004302]",
        "erythromycin_measurement": "0.25",
        "erythromycin_measurement_units": "microgram per millilitre (ug/mL) [UO:0000274]",
        "erythromycin_measurement_sign": "less than or equal to (<=) [GENEPIO:0001003]",
        "erythromycin_testing_standard": "Clinical Laboratory and Standards Institute (CLSI) [ARO:3004366]",
        "erythromycin_testing_standard_version": "M100 ED34:2024",
        "florfenicol_resistance_phenotype": "Susceptible antimicrobial phenotype [ARO:3004302]",
        "florfenicol_measurement": "1",
        "florfenicol_measurement_units": "microgram per millilitre (ug/mL) [UO:0000274]",
        "florfenicol_measurement_sign": "equal to (==) [GENEPIO:0001004]",
        "florfenicol_testing_standard": "Clinical Laboratory and Standards Institute (CLSI) [ARO:3004366]",
        "florfenicol_testing_standard_version": "CLSI VET01S ED7:2024 - swine BP",
        "gentamicin_resistance_phenotype": "Antibiotic resistance not defined [GENEPIO:0002040]",
        "gentamicin_measurement": "8",
        "gentamicin_measurement_units": "microgram per millilitre (ug/mL) [UO:0000274]",
        "gentamicin_measurement_sign": "equal to (==) [GENEPIO:0001004]",
        "gentamicin_testing_standard": "Clinical Laboratory and Standards Institute (CLSI) [ARO:3004366]",
        "imipenem_resistance_phenotype": "Not Collected [GENEPIO:0001620]",
        "imipenem_measurement": "Not Collected [GENEPIO:0001620]",
        "imipenem_measurement_units": "Not Applicable [GENEPIO:0001619]",
        "imipenem_measurement_sign": "Not Applicable [GENEPIO:0001619]",
        "imipenem_testing_standard": "Not Applicable [GENEPIO:0001619]",
        "kanamycin_resistance_phenotype": "Not Collected [GENEPIO:0001620]",
        "kanamycin_measurement": "Not Collected [GENEPIO:0001620]",
        "kanamycin_measurement_units": "Not Applicable [GENEPIO:0001619]",
        "kanamycin_measurement_sign": "Not Applicable [GENEPIO:0001619]",
        "kanamycin_testing_standard": "Not Applicable [GENEPIO:0001619]",
        "levofloxacin_resistance_phenotype": "Susceptible antimicrobial phenotype [ARO:3004302]",
        "levofloxacin_measurement": "1",
        "levofloxacin_measurement_units": "microgram per millilitre (ug/mL) [UO:0000274]",
        "levofloxacin_measurement_sign": "equal to (==) [GENEPIO:0001004]",
        "levofloxacin_testing_standard": "Clinical Laboratory and Standards Institute (CLSI) [ARO:3004366]",
        "levofloxacin_testing_standard_version": "M100 ED34:2024",
        "linezolid_resistance_phenotype": "Susceptible antimicrobial phenotype [ARO:3004302]",
        "linezolid_measurement": "2",
        "linezolid_measurement_units": "microgram per millilitre (ug/mL) [UO:0000274]",
        "linezolid_measurement_sign": "equal to (==) [GENEPIO:0001004]",
        "linezolid_testing_standard": "Clinical Laboratory and Standards Institute (CLSI) [ARO:3004366]",
        "linezolid_testing_standard_version": "M100 ED34:2024",
        "meropenem_resistance_phenotype": "Susceptible antimicrobial phenotype [ARO:3004302]",
        "meropenem_measurement": "0.25",
        "meropenem_measurement_units": "microgram per millilitre (ug/mL) [UO:0000274]",
        "meropenem_measurement_sign": "less than or equal to (<=) [GENEPIO:0001003]",
        "meropenem_testing_standard": "Clinical Laboratory and Standards Institute (CLSI) [ARO:3004366]",
        "meropenem_testing_standard_version": "M100 ED34:2024",
        "nalidixic_acid_resistance_phenotype": "Not Collected [GENEPIO:0001620]",
        "nalidixic_acid_measurement": "Not Collected [GENEPIO:0001620]",
        "nalidixic_acid_measurement_units": "Not Applicable [GENEPIO:0001619]",
        "nalidixic_acid_measurement_sign": "Not Applicable [GENEPIO:0001619]",
        "nalidixic_acid_testing_standard": "Not Applicable [GENEPIO:0001619]",
        "neomycin_measurement": "Not Collected [GENEPIO:0001620]",
        "neomycin_measurement_units": "Not Collected [GENEPIO:0001620]",
        "neomycin_measurement_sign": "Not Collected [GENEPIO:0001620]",
        "nitrofurantoin_resistance_phenotype": "Not Collected [GENEPIO:0001620]",
        "nitrofurantoin_measurement": "Not Collected [GENEPIO:0001620]",
        "nitrofurantoin_measurement_units": "Not Applicable [GENEPIO:0001619]",
        "nitrofurantoin_measurement_sign": "Not Applicable [GENEPIO:0001619]",
        "nitrofurantoin_testing_standard": "Not Applicable [GENEPIO:0001619]",
        "norfloxacin_resistance_phenotype": "Not Collected [GENEPIO:0001620]",
        "norfloxacin_measurement": "Not Collected [GENEPIO:0001620]",
        "norfloxacin_measurement_units": "Not Applicable [GENEPIO:0001619]",
        "norfloxacin_measurement_sign": "Not Applicable [GENEPIO:0001619]",
        "norfloxacin_testing_standard": "Not Applicable [GENEPIO:0001619]",
        "oxolinic-acid_resistance_phenotype": "Not Collected [GENEPIO:0001620]",
        "oxolinic-acid_measurement": "Not Collected [GENEPIO:0001620]",
        "oxolinic-acid_measurement_units": "Not Applicable [GENEPIO:0001619]",
        "oxolinic-acid_measurement_sign": "Not Applicable [GENEPIO:0001619]",
        "oxolinic-acid_testing_standard": "Not Applicable [GENEPIO:0001619]",
        "oxytetracycline_resistance_phenotype": "Not Collected [GENEPIO:0001620]",
        "oxytetracycline_measurement": "Not Collected [GENEPIO:0001620]",
        "oxytetracycline_measurement_units": "Not Applicable [GENEPIO:0001619]",
        "oxytetracycline_measurement_sign": "Not Applicable [GENEPIO:0001619]",
        "oxytetracycline_testing_standard": "Not Applicable [GENEPIO:0001619]",
        "penicillin_measurement": "Not Collected [GENEPIO:0001620]",
        "penicillin_measurement_units": "Not Collected [GENEPIO:0001620]",
        "penicillin_measurement_sign": "Not Collected [GENEPIO:0001620]",
        "piperacillin_resistance_phenotype": "Not Collected [GENEPIO:0001620]",
        "piperacillin_measurement": "Not Collected [GENEPIO:0001620]",
        "piperacillin_measurement_units": "Not Applicable [GENEPIO:0001619]",
        "piperacillin_measurement_sign": "Not Applicable [GENEPIO:0001619]",
        "piperacillin_testing_standard": "Not Applicable [GENEPIO:0001619]",
        "piperacillin-tazobactam_resistance_phenotype": "Not Collected [GENEPIO:0001620]",
        "piperacillin-tazobactam_measurement": "Not Collected [GENEPIO:0001620]",
        "piperacillin-tazobactam_measurement_units": "Not Applicable [GENEPIO:0001619]",
        "piperacillin-tazobactam_measurement_sign": "Not Applicable [GENEPIO:0001619]",
        "piperacillin-tazobactam_testing_standard": "Not Applicable [GENEPIO:0001619]",
        "polymyxin-b_resistance_phenotype": "Not Collected [GENEPIO:0001620]",
        "polymyxin-b_measurement": "Not Collected [GENEPIO:0001620]",
        "polymyxin-b_measurement_units": "Not Applicable [GENEPIO:0001619]",
        "polymyxin-b_measurement_sign": "Not Applicable [GENEPIO:0001619]",
        "polymyxin-b_testing_standard": "Not Applicable [GENEPIO:0001619]",
        "quinupristin-dalfopristin_resistance_phenotype": "Not Collected [GENEPIO:0001620]",
        "quinupristin-dalfopristin_measurement": "Not Collected [GENEPIO:0001620]",
        "quinupristin-dalfopristin_measurement_units": "Not Applicable [GENEPIO:0001619]",
        "quinupristin-dalfopristin_measurement_sign": "Not Applicable [GENEPIO:0001619]",
        "quinupristin-dalfopristin_testing_standard": "Not Applicable [GENEPIO:0001619]",
        "streptomycin_resistance_phenotype": "Not Collected [GENEPIO:0001620]",
        "streptomycin_measurement": "Not Collected [GENEPIO:0001620]",
        "streptomycin_measurement_units": "Not Applicable [GENEPIO:0001619]",
        "streptomycin_measurement_sign": "Not Applicable [GENEPIO:0001619]",
        "streptomycin_testing_standard": "Not Applicable [GENEPIO:0001619]",
        "sulfisoxazole_resistance_phenotype": "Not Collected [GENEPIO:0001620]",
        "sulfisoxazole_measurement": "Not Collected [GENEPIO:0001620]",
        "sulfisoxazole_measurement_units": "Not Applicable [GENEPIO:0001619]",
        "sulfisoxazole_measurement_sign": "Not Applicable [GENEPIO:0001619]",
        "sulfisoxazole_testing_standard": "Not Applicable [GENEPIO:0001619]",
        "telithromycin_resistance_phenotype": "Not Collected [GENEPIO:0001620]",
        "telithromycin_measurement": "Not Collected [GENEPIO:0001620]",
        "telithromycin_measurement_units": "Not Applicable [GENEPIO:0001619]",
        "telithromycin_measurement_sign": "Not Applicable [GENEPIO:0001619]",
        "telithromycin_testing_standard": "Not Applicable [GENEPIO:0001619]",
        "tetracycline_resistance_phenotype": "Susceptible antimicrobial phenotype [ARO:3004302]",
        "tetracycline_measurement": "1",
        "tetracycline_measurement_units": "microgram per millilitre (ug/mL) [UO:0000274]",
        "tetracycline_measurement_sign": "less than or equal to (<=) [GENEPIO:0001003]",
        "tetracycline_testing_standard": "Clinical Laboratory and Standards Institute (CLSI) [ARO:3004366]",
        "tetracycline_testing_standard_version": "M100 ED34:2024",
        "tigecycline_resistance_phenotype": "Antibiotic resistance not defined [GENEPIO:0002040]",
        "tigecycline_measurement": "0.06",
        "tigecycline_measurement_units": "microgram per millilitre (ug/mL) [UO:0000274]",
        "tigecycline_measurement_sign": "equal to (==) [GENEPIO:0001004]",
        "tigecycline_testing_standard": "Clinical Laboratory and Standards Institute (CLSI) [ARO:3004366]",
        "trimethoprim-sulfamethoxazole_resistance_phenotype": "Antibiotic resistance not defined [GENEPIO:0002040]",
        "trimethoprim-sulfamethoxazole_measurement": "0.5",
        "trimethoprim-sulfamethoxazole_measurement_units": "microgram per millilitre (ug/mL) [UO:0000274]",
        "trimethoprim-sulfamethoxazole_measurement_sign": "less than or equal to (<=) [GENEPIO:0001003]",
        "trimethoprim-sulfamethoxazole_testing_standard": "Clinical Laboratory and Standards Institute (CLSI) [ARO:3004366]",
        "DataHarmonizer provenance": "DataHarmonizer v1.9.0, GRDI v13.4.4"
      }
    ]
  }
}