{
  "schema": "https://example.com/DH_LinkML",
  "location": "/templates/schema_editor",
  "version": "1.0.0",
  "in_language": "en",
  "Container": {
    "Schemas": [
      {
        "Name": "GRDI",
        "Description": "Specification for GRDI virus biosample data gathering",
        "ID": "https://example.com/GRDI",
        "Version": "12.2.2",
        "Languages": "en",
        "Default prefix": ""
      },
      {
        "Name": "CanCOGeN",
        "Description": "Canadian specification for Covid-19 clinical virus biosample data gathering",
        "ID": "https://example.com/CanCOGeN_Covid-19",
        "Version": "2.3.4",
        "Languages": "en; fr",
        "Default prefix": ""
      }
    ],
    "Classes": [],
    "Slots": [
      {
        "Schema": "GRDI",
        "Name": "sample_collector_sample_id",
        "Title": "sample_collector_sample_ID",
        "Description": "The user-defined name for the sample.",
        "Slot URI": "GENEPIO:0001123",
        "Slot Group": "Sample collection and processing",
        "Range": "WhitespaceMinimizedString",
        "Identifier": "TRUE",
        "Key": "",
        "Multivalued": "",
        "Required": "TRUE",
        "Recommended": "",
        "Minimum_value": "",
        "Maximum_value": "",
        "Pattern": "",
        "Comments": "",
        "Examples": ""
      },
      {
        "Schema": "GRDI",
        "Name": "alternative_sample_id",
        "Title": "alternative_sample_ID",
        "Description": "An alternative sample_ID assigned to the sample by another organization.",
        "Slot URI": "GENEPIO:0100427",
        "Slot Group": "Sample collection and processing",
        "Range": "WhitespaceMinimizedString",
        "Identifier": "",
        "Key": "",
        "Multivalued": "",
        "Required": "TRUE",
        "Recommended": "",
        "Minimum_value": "",
        "Maximum_value": "",
        "Pattern": "",
        "Comments": "",
        "Examples": ""
      },
      {
        "Schema": "GRDI",
        "Name": "sample_collected_by",
        "Title": "sample_collected_by",
        "Description": "The name of the agency, organization or institution with which the sample collector is affiliated.",
        "Slot URI": "GENEPIO:0001153",
        "Slot Group": "Sample collection and processing",
        "Range": "sample_collected_by menu; null value menu",
        "Identifier": "",
        "Key": "",
        "Multivalued": "",
        "Required": "TRUE",
        "Recommended": "",
        "Minimum_value": "",
        "Maximum_value": "",
        "Pattern": "",
        "Comments": "",
        "Examples": ""
      },
      {
        "Schema": "GRDI",
        "Name": "sample_collected_by_laboratory_name",
        "Title": "sample_collected_by_laboratory_name",
        "Description": "The specific laboratory affiliation of the sample collector.",
        "Slot URI": "GENEPIO:0100428",
        "Slot Group": "Sample collection and processing",
        "Range": "WhitespaceMinimizedString",
        "Identifier": "",
        "Key": "",
        "Multivalued": "",
        "Required": "",
        "Recommended": "",
        "Minimum_value": "",
        "Maximum_value": "",
        "Pattern": "",
        "Comments": "",
        "Examples": ""
      },
      {
        "Schema": "GRDI",
        "Name": "sample_collection_project_name",
        "Title": "sample_collection_project_name",
        "Description": "The name of the project/initiative/program for which the sample was collected.",
        "Slot URI": "GENEPIO:0100429",
        "Slot Group": "Sample collection and processing",
        "Range": "WhitespaceMinimizedString",
        "Identifier": "",
        "Key": "",
        "Multivalued": "",
        "Required": "",
        "Recommended": "",
        "Minimum_value": "",
        "Maximum_value": "",
        "Pattern": "",
        "Comments": "",
        "Examples": ""
      },
      {
        "Schema": "GRDI",
        "Name": "sample_plan_name",
        "Title": "sample_plan_name",
        "Description": "The name of the study design for a surveillance project.",
        "Slot URI": "GENEPIO:0100430",
        "Slot Group": "Sample collection and processing",
        "Range": "WhitespaceMinimizedString",
        "Identifier": "",
        "Key": "",
        "Multivalued": "",
        "Required": "",
        "Recommended": "TRUE",
        "Minimum_value": "",
        "Maximum_value": "",
        "Pattern": "",
        "Comments": "",
        "Examples": ""
      },
      {
        "Schema": "GRDI",
        "Name": "sample_plan_id",
        "Title": "sample_plan_ID",
        "Description": "The identifier of the study design for a surveillance project.",
        "Slot URI": "GENEPIO:0100431",
        "Slot Group": "Sample collection and processing",
        "Range": "WhitespaceMinimizedString",
        "Identifier": "",
        "Key": "",
        "Multivalued": "",
        "Required": "",
        "Recommended": "TRUE",
        "Minimum_value": "",
        "Maximum_value": "",
        "Pattern": "",
        "Comments": "",
        "Examples": ""
      },
      {
        "Schema": "GRDI",
        "Name": "sample_collector_contact_name",
        "Title": "sample_collector_contact_name",
        "Description": "The name or job title of the contact responsible for follow-up regarding the sample.",
        "Slot URI": "GENEPIO:0100432",
        "Slot Group": "Sample collection and processing",
        "Range": "WhitespaceMinimizedString",
        "Identifier": "",
        "Key": "",
        "Multivalued": "",
        "Required": "",
        "Recommended": "",
        "Minimum_value": "",
        "Maximum_value": "",
        "Pattern": "",
        "Comments": "",
        "Examples": ""
      }
    ],
    "SlotUsages": [],
    "Enums": [],
    "PermissibleValues": [],
    "Prefixes": []
  }
}